Submission id,Participant id,Status,Started at,Completed at,Reviewed at,Archived at,Time taken,Completion code,Total approvals,Colourblindness,Age,Sex,Ethnicity simplified,Country of birth,Country of residence,Nationality,Language,Student status,Employment status
65b018be0e8bf7789e5e62e8,5fc29e457497e203c3af6bb9,AWAITING REVIEW,2024-01-23T19:51:29.720000Z,2024-01-23T20:04:58.191000Z,,2024-01-23T20:04:58.591942Z,809.0,CTVM94DF,1576,"No, I have no issues seeing colours",36,Male,Asian,United States,United States,United States,English,No,Unemployed (and job seeking)
65b019867c6620194bba3c57,60fca5dcb45af6ae93ed125f,AWAITING REVIEW,2024-01-23T19:54:50.571000Z,2024-01-23T20:10:34.723000Z,,2024-01-23T20:10:35.246486Z,945.0,CTVM94DF,611,"No, I have no issues seeing colours",26,Female,White,United States,United States,United States,English,No,Part-Time
65b019e842d273dfc29a65f8,654b007b971573e60e72d25c,AWAITING REVIEW,2024-01-23T19:56:27.630000Z,2024-01-23T20:05:27.867000Z,,2024-01-23T20:05:28.368545Z,541.0,CTVM94DF,372,"No, I have no issues seeing colours",25,Male,Other,United States,United States,United States,English,No,Unemployed (and job seeking)
65b01a56fff17b7984a09b87,5617203c5c62cf0005822f0c,AWAITING REVIEW,2024-01-23T19:58:18.408000Z,2024-01-23T20:20:45.542000Z,,2024-01-23T20:20:46.068586Z,1348.0,CTVM94DF,1441,"Yes, I'm colourblind",31,Male,White,United States,United States,United States,English,No,Unemployed (and job seeking)
65b01a6a301879a2d307f4ae,6176c48e4ad114e770198192,AWAITING REVIEW,2024-01-23T19:59:26.231000Z,2024-01-23T20:13:49.973000Z,,2024-01-23T20:13:50.466580Z,864.0,CTVM94DF,1996,"No, I have no issues seeing colours",29,Female,White,United States,United States,United States,English,DATA_EXPIRED,DATA_EXPIRED
65b01ad0965254538646cb76,5ff797c6f67a7d494f65298e,AWAITING REVIEW,2024-01-23T20:00:23.030000Z,2024-01-23T20:13:23.523000Z,,2024-01-23T20:13:24.498098Z,781.0,CTVM94DF,389,"No, I have no issues seeing colours",26,Female,Asian,United States,United States,United States,English,Yes,Unemployed (and job seeking)
65b01b7c1a0e8238455260a5,6519b6951e9a19f4b3d6f545,AWAITING REVIEW,2024-01-23T20:03:14.120000Z,2024-01-23T20:14:55.983000Z,,2024-01-23T20:14:56.514567Z,702.0,CTVM94DF,256,"No, I have no issues seeing colours",31,Female,Other,United States,United States,United States,English,No,"Not in paid work (e.g. homemaker', 'retired or disabled)"
65b01bf30bfb2abbc4ee44e8,5ac6e74f9534ba0001c756d5,AWAITING REVIEW,2024-01-23T20:05:09.934000Z,2024-01-23T20:16:46.603000Z,,2024-01-23T20:16:47.085223Z,697.0,CTVM94DF,985,"No, I have no issues seeing colours",38,Female,White,United States,United States,United States,English,No,Full-Time
65b01c2b6615e509a707f16b,60fca6d058e4c2affb22d206,AWAITING REVIEW,2024-01-23T20:06:08.086000Z,2024-01-23T20:26:24.533000Z,,2024-01-23T20:26:25.475110Z,1217.0,CTVM94DF,206,"No, I have no issues seeing colours",22,Female,White,United States,United States,United States,English,Yes,Due to start a new job within the next month
65b01cf2b08609b7f35985cd,65772daa307b28b9a9ec187f,AWAITING REVIEW,2024-01-23T20:09:41.886000Z,2024-01-23T20:19:52.875000Z,,2024-01-23T20:19:53.410317Z,611.0,CTVM94DF,51,"No, I have no issues seeing colours",33,Female,Other,United States,United States,United States,English,No,Full-Time
65b01cf682b712a2fc7fce0c,628524300be4422b915b32a9,AWAITING REVIEW,2024-01-23T20:09:30.097000Z,2024-01-23T20:18:17.432000Z,,2024-01-23T20:18:17.943912Z,528.0,CTVM94DF,1295,"No, I have no issues seeing colours",25,Male,Other,United States,United States,United States,Spanish,Yes,Full-Time
65b01d3db65be128cf613ec6,5e35e8505aa70059ea6edbcf,AWAITING REVIEW,2024-01-23T20:10:41.860000Z,2024-01-23T20:24:59.718000Z,,2024-01-23T20:25:02.011108Z,858.0,CTVM94DF,391,"No, I have no issues seeing colours",30,Female,White,United States,United States,United States,English,No,Other
65b01d622998e01f7c7757c8,58c518d7b101a70001293900,AWAITING REVIEW,2024-01-23T20:11:21.019000Z,2024-01-23T20:21:21.740000Z,,2024-01-23T20:21:22.255234Z,601.0,CTVM94DF,2790,"No, I have no issues seeing colours",40,Male,Mixed,United States,United States,United States,English,No,Full-Time
65b01dc324a6ebc52b489d64,5f24629d239fcb02d69a18d1,AWAITING REVIEW,2024-01-23T20:12:56.067000Z,2024-01-23T20:27:59.665000Z,,2024-01-23T20:28:00.113985Z,904.0,CTVM94DF,2215,"No, I have no issues seeing colours",37,Male,White,United States,United States,United States,English,DATA_EXPIRED,DATA_EXPIRED
65b01e02984acb926804ba0c,627e7b6d33e1df14160c05ba,AWAITING REVIEW,2024-01-23T20:16:48.551000Z,2024-01-23T20:55:30.574000Z,,2024-01-23T20:55:30.986218Z,2323.0,CTVM94DF,1333,"No, I have no issues seeing colours",25,Female,White,United States,United States,United States,English,No,Unemployed (and job seeking)
65b01e1342d273dfc29a66d0,5efe46699aca1b332ff927bc,AWAITING REVIEW,2024-01-23T20:16:17.813000Z,2024-01-23T20:27:43.255000Z,,2024-01-23T20:27:43.784718Z,686.0,CTVM94DF,1421,"No, I have no issues seeing colours",33,Male,White,United States,United States,United States,English,No,Unemployed (and job seeking)
65b01e26f06f4efc595268f6,5df2be706e8aab1d1eb46feb,AWAITING REVIEW,2024-01-23T20:14:36.714000Z,2024-01-23T20:27:55.568000Z,,2024-01-23T20:27:56.030806Z,799.0,CTVM94DF,3195,"No, I have no issues seeing colours",34,Male,Mixed,United States,United States,United States,English,No,Full-Time
65b01e2a7ff978233cbe49a2,606575435e519decf2dd36e3,AWAITING REVIEW,2024-01-23T20:14:38.506000Z,2024-01-23T20:27:46.604000Z,,2024-01-23T20:27:47.054607Z,789.0,CTVM94DF,351,"No, I have no issues seeing colours",28,Female,White,United States,United States,United States,English,No,Part-Time
65b01e597a3f050cb7fbca4f,5dc59839e4f0ff41239cb481,AWAITING REVIEW,2024-01-23T20:15:24.044000Z,2024-01-23T20:25:33.269000Z,,2024-01-23T20:25:33.857766Z,610.0,CTVM94DF,836,"Yes, I'm colourblind",35,Male,White,United States,United States,United States,English,No,Full-Time
65b01e70f1a0063d97442286,5be4c8d0d4079000014c0998,AWAITING REVIEW,2024-01-23T20:17:16.796000Z,2024-01-23T20:54:57.774000Z,,2024-01-23T20:54:58.210642Z,2261.0,CTVM94DF,1153,"No, I have no issues seeing colours",30,Female,White,United States,United States,United States,English,No,Unemployed (and job seeking)
65b01e9c9dd119b146eb389e,5bd283469afb5b00015bdd5a,AWAITING REVIEW,2024-01-23T20:16:33.117000Z,2024-01-23T20:26:41.253000Z,,2024-01-23T20:26:41.727661Z,609.0,CTVM94DF,987,"No, I have no issues seeing colours",31,Male,White,United States,United States,United States,English,Yes,DATA_EXPIRED
65b01ed3965254538646cc51,5f8486766d8e7b0f17df0206,AWAITING REVIEW,2024-01-23T20:17:26.545000Z,2024-01-23T20:30:03.020000Z,,2024-01-23T20:30:03.470661Z,757.0,CTVM94DF,1283,"No, I have no issues seeing colours",40,Male,White,United States,United States,United States,English,No,DATA_EXPIRED
65b01f00e9ff68a8abc16dbf,545cee6dfdf99b7f9e3254ce,AWAITING REVIEW,2024-01-23T20:18:12.455000Z,2024-01-23T20:31:42.621000Z,,2024-01-23T20:31:43.089480Z,811.0,CTVM94DF,1572,"No, I have no issues seeing colours",33,Male,White,United States,United States,United States,English,No,Full-Time
65b01f956bc85fee9e938c6f,65982731eb34299993506e21,AWAITING REVIEW,2024-01-23T20:20:42.411000Z,2024-01-23T20:35:53.132000Z,,2024-01-23T20:35:53.567546Z,911.0,CTVM94DF,97,"No, I have no issues seeing colours",31,Female,White,United States,United States,United States,English,No,Full-Time
65b01fa0dcc56beb78fe5a3e,650868d5afd62c7980c24f67,AWAITING REVIEW,2024-01-23T20:20:51.395000Z,2024-01-23T20:33:20.808000Z,,2024-01-23T20:33:21.333925Z,750.0,CTVM94DF,269,"No, I have no issues seeing colours",26,Female,Asian,China,United States,United States,Chinese,No,Unemployed (and job seeking)
65b01fbf19adc96bbe428e1e,63d864bfc3bc732e26295c9c,AWAITING REVIEW,2024-01-23T20:21:27.239000Z,2024-01-23T20:36:22.010000Z,,2024-01-23T20:36:22.434040Z,895.0,CTVM94DF,2152,"No, I have no issues seeing colours",35,Male,Asian,United States,United States,United States,English,No,Unemployed (and job seeking)
65b01ffd2bd5fba56701e6f3,5bbafad7736db000016d8600,AWAITING REVIEW,2024-01-23T20:28:28.428000Z,2024-01-23T20:38:48.087000Z,,2024-01-23T20:38:48.519159Z,620.0,CTVM94DF,1844,"No, I have no issues seeing colours",29,Female,Mixed,United States,United States,United States,English,Yes,Full-Time
65b0200c6615e509a707f23f,5b8557d0bb0eb8000105a696,AWAITING REVIEW,2024-01-23T20:22:39.827000Z,2024-01-23T20:44:42.036000Z,,2024-01-23T20:44:42.502332Z,1323.0,CTVM94DF,243,"No, I have no issues seeing colours",28,Male,Black,United States,United States,United States,English,No,Full-Time
65b0205d301879a2d307f612,5efcaaee74e56207d16db007,AWAITING REVIEW,2024-01-23T20:24:10.228000Z,2024-01-23T20:38:10.496000Z,,2024-01-23T20:38:10.966457Z,841.0,CTVM94DF,2049,"No, I have no issues seeing colours",27,Female,White,United States,United States,United States,English,No,Other
65b0206425c47cfef804be73,5c90fd5c26e3ed0001989e17,AWAITING REVIEW,2024-01-23T20:24:06.313000Z,2024-01-23T20:37:47.966000Z,,2024-01-23T20:37:48.444267Z,822.0,CTVM94DF,1094,"No, I have no issues seeing colours",33,Female,Asian,India,United States,United States,English,No,Full-Time
65b0206bfc180af0359881e8,60fcc356256445ec7775dc39,AWAITING REVIEW,2024-01-23T20:24:16.553000Z,2024-01-23T20:39:51.504000Z,,2024-01-23T20:39:52.021436Z,935.0,CTVM94DF,427,"No, I have no issues seeing colours",24,Female,White,United States,United States,United States,English,No,Full-Time
65b020709dd119b146eb392e,56b395fa2bac74000d89c16f,AWAITING REVIEW,2024-01-23T20:24:19.451000Z,2024-01-23T20:35:18.619000Z,,2024-01-23T20:35:19.248494Z,660.0,CTVM94DF,1240,"No, I have no issues seeing colours",31,Male,White,United States,United States,United States,English,DATA_EXPIRED,DATA_EXPIRED
65b020dd14959642c72a2b5f,611f1751f8fd84c3ba826634,AWAITING REVIEW,2024-01-23T20:26:08.707000Z,2024-01-23T20:41:41.325000Z,,2024-01-23T20:41:41.741394Z,933.0,CTVM94DF,1443,"No, I have no issues seeing colours",29,Female,White,United States,United States,United States,English,No,Full-Time
65b020f7f5c07cda1ba23fa1,63d3fbb451ad7ba5c2f30246,AWAITING REVIEW,2024-01-23T20:26:34.054000Z,2024-01-23T20:39:26.298000Z,,2024-01-23T20:39:26.886406Z,773.0,CTVM94DF,1220,"No, I have no issues seeing colours",23,Male,Black,United States,United States,United States,English,No,Unemployed (and job seeking)
65b0212ba14722bd52e5a105,6561f9edfd7315a2f858adff,AWAITING REVIEW,2024-01-23T20:27:27.625000Z,2024-01-23T20:41:05.239000Z,,2024-01-23T20:41:05.698305Z,818.0,CTVM94DF,204,"No, I have no issues seeing colours",23,Female,Black,United States,United States,United States,English,No,Other
65b0212c61951222bb5f66ed,5df416a57bf5722f9a501255,AWAITING REVIEW,2024-01-23T20:27:26.769000Z,2024-01-23T20:47:48.638000Z,,2024-01-23T20:47:49.144881Z,1222.0,CTVM94DF,2804,"No, I have no issues seeing colours",37,Male,White,United States,United States,United States,English,No,Other
65b02133b8387df54025845f,63d4000ba3ae5c5789db9bee,AWAITING REVIEW,2024-01-23T20:27:35.586000Z,2024-01-23T20:42:00.687000Z,,2024-01-23T20:42:01.264926Z,866.0,CTVM94DF,284,"Yes, I'm colourblind",28,Male,White,United States,United States,United States,English,No,Full-Time
65b021655c3f937702c4af4f,6400d916e410c86255a45836,AWAITING REVIEW,2024-01-23T20:28:26.312000Z,2024-01-23T20:40:49.659000Z,,2024-01-23T20:40:50.119807Z,744.0,CTVM94DF,668,"No, I have no issues seeing colours",34,Female,White,United States,United States,United States,English,No,"Not in paid work (e.g. homemaker', 'retired or disabled)"
65b0216d51b9e6b72c91e8cf,5f1215c24862ae13032bad4e,AWAITING REVIEW,2024-01-23T20:28:32.812000Z,2024-01-23T20:49:43.914000Z,,2024-01-23T20:49:44.315855Z,1272.0,CTVM94DF,2215,"No, I have no issues seeing colours",24,Female,Asian,United States,United States,United States,English,Yes,DATA_EXPIRED
65b02172e48ec2cb4791704d,60f5f8769fc9289a9e518129,AWAITING REVIEW,2024-01-23T20:28:37.785000Z,2024-01-23T20:39:40.428000Z,,2024-01-23T20:39:40.879861Z,663.0,CTVM94DF,3371,"No, I have no issues seeing colours",37,Female,White,United States,United States,United States,English,Yes,Full-Time
65b0217a81be9840cf46c87d,6496f162cb9494f2bd0cb495,AWAITING REVIEW,2024-01-23T20:28:44.491000Z,2024-01-23T20:43:38.082000Z,,2024-01-23T20:43:38.659249Z,894.0,CTVM94DF,93,"No, I have no issues seeing colours",27,Male,Black,United States,United States,United States,English,DATA_EXPIRED,DATA_EXPIRED
65b021925904630598381078,6413dd7eadc09e71fa198000,AWAITING REVIEW,2024-01-23T20:29:19.253000Z,2024-01-23T20:46:27.798000Z,,2024-01-23T20:46:28.255206Z,1029.0,CTVM94DF,1981,"No, I have no issues seeing colours",39,Male,White,United States,United States,United States,English,No,Full-Time
65b021a5a94b9e1d6117939a,5ae3a41d32ef52000131a531,AWAITING REVIEW,2024-01-23T20:29:37.625000Z,2024-01-23T20:44:50.409000Z,,2024-01-23T20:44:50.947123Z,913.0,CTVM94DF,4085,"No, I have no issues seeing colours",25,Male,Black,United States,United States,United States,English,No,Full-Time
65b021d3a6abd97470e89140,60fe0460e678d2576844fe5e,AWAITING REVIEW,2024-01-23T20:31:09.416000Z,2024-01-23T20:46:28.467000Z,,2024-01-23T20:46:28.968379Z,920.0,CTVM94DF,454,"No, I have no issues seeing colours",33,Female,White,United States,United States,United States,English,DATA_EXPIRED,DATA_EXPIRED
65b021e251b9e6b72c91e8dc,62b1ed31eaaaa61b18c69032,AWAITING REVIEW,2024-01-23T20:30:32.871000Z,2024-01-23T20:42:02.954000Z,,2024-01-23T20:42:03.581319Z,691.0,CTVM94DF,1866,"No, I have no issues seeing colours",36,Female,White,United States,United States,United States,English,No,Full-Time
65b021e3984acb926804bb27,5ad0f1934d061300011b0a4d,AWAITING REVIEW,2024-01-23T20:30:31.216000Z,2024-01-23T20:45:06.039000Z,,2024-01-23T20:45:06.534276Z,875.0,CTVM94DF,2117,"No, I have no issues seeing colours",29,Male,White,United States,United States,United States,English,No,Full-Time
65b021e32652262b3d92c6d4,63bc7645044a7d5ab6c9cb96,AWAITING REVIEW,2024-01-23T20:33:08.491000Z,2024-01-23T20:58:03.415000Z,,2024-01-23T20:58:03.970913Z,1495.0,CTVM94DF,1253,"No, I have no issues seeing colours",35,Male,White,United States,United States,United States,English,No,Unemployed (and job seeking)
65b021eb598f1eead32a27ec,5e147a28de8da6a8f013acf6,AWAITING REVIEW,2024-01-23T20:30:57.805000Z,2024-01-23T20:42:23.748000Z,,2024-01-23T20:42:24.361463Z,686.0,CTVM94DF,987,"No, I have no issues seeing colours",36,Male,White,United States,United States,United States,English,DATA_EXPIRED,DATA_EXPIRED
65b022071729c69ac9c28c93,6020606d7b0258677b881f63,AWAITING REVIEW,2024-01-23T20:31:10.006000Z,2024-01-23T20:44:26.270000Z,,2024-01-23T20:44:26.827454Z,797.0,CTVM94DF,1074,"No, I have no issues seeing colours",25,Female,White,United States,United States,United States,English,No,"Not in paid work (e.g. homemaker', 'retired or disabled)"
65b022292c257ef59dec27a8,633c7424294f7a26710ca395,AWAITING REVIEW,2024-01-23T20:31:41.503000Z,2024-01-23T20:43:32.627000Z,,2024-01-23T20:43:33.090573Z,712.0,CTVM94DF,2863,"No, I have no issues seeing colours",39,Male,White,United States,United States,United States,English,No,Full-Time
65b02243a1b58c1a57ea40d1,60478d729944c5000b231088,AWAITING REVIEW,2024-01-23T20:32:07.992000Z,2024-01-23T21:01:38.088000Z,,2024-01-23T21:01:38.722927Z,1771.0,CTVM94DF,1485,"No, I have no issues seeing colours",34,Female,White,United States,United States,United States,English,DATA_EXPIRED,Full-Time
65b0226a6f6f778b76ab0e72,60e792f25e9ab875f9605cf5,AWAITING REVIEW,2024-01-23T20:32:48.316000Z,2024-01-23T20:43:15.322000Z,,2024-01-23T20:43:15.955462Z,628.0,CTVM94DF,2597,"No, I have no issues seeing colours",39,Female,White,United States,United States,United States,English,No,"Not in paid work (e.g. homemaker', 'retired or disabled)"
65b022935c3f937702c4af9d,5c35ad4bdb7cf60001204af9,AWAITING REVIEW,2024-01-23T20:33:28.209000Z,2024-01-23T20:57:15.840000Z,,2024-01-23T20:57:16.338773Z,1428.0,CTVM94DF,768,"No, I have no issues seeing colours",28,Male,White,United States,United States,United States,English,No,Part-Time
65b022a0984acb926804bb4b,63ea7487c993eddd00c8ab47,AWAITING REVIEW,2024-01-23T20:33:39.553000Z,2024-01-23T21:03:21.021000Z,,2024-01-23T21:03:21.521529Z,1782.0,CTVM94DF,433,"No, I have no issues seeing colours",24,Male,Black,United States,United States,United States,English,DATA_EXPIRED,DATA_EXPIRED
65b022c1478289b4a25f63a7,60fda82c6d2d7be651a8e4b7,AWAITING REVIEW,2024-01-23T20:34:12.641000Z,2024-01-23T20:45:14.968000Z,,2024-01-23T20:45:15.467229Z,663.0,CTVM94DF,2496,"No, I have no issues seeing colours",21,Female,Mixed,United States,United States,United States,English,Yes,Other
65b022f753235b15e2c28747,5e1d70edd727e90dea42d137,AWAITING REVIEW,2024-01-23T20:35:08.062000Z,2024-01-23T20:46:04.169000Z,,2024-01-23T20:46:04.655772Z,657.0,CTVM94DF,1022,"No, I have no issues seeing colours",23,Female,White,United States,United States,United States,English,No,Full-Time
65b02325182dd435d60ecba0,5cb489ff0cd1ed0017465d19,AWAITING REVIEW,2024-01-23T20:35:57.450000Z,2024-01-23T20:48:10.417000Z,,2024-01-23T20:48:10.906625Z,733.0,CTVM94DF,5127,"No, I have no issues seeing colours",34,Male,White,United States,United States,United States,English,No,Full-Time
65b023406615e509a707f2f8,5ab7c19e1667e40001d7cd93,AWAITING REVIEW,2024-01-23T20:36:21.693000Z,2024-01-23T20:58:16.486000Z,,2024-01-23T20:58:16.968163Z,1315.0,CTVM94DF,1272,"No, I have no issues seeing colours",31,Female,White,United States,United States,United States,English,No,"Not in paid work (e.g. homemaker', 'retired or disabled)"
65b0237855547462931795fe,632be0bcdec1f14421c64dc2,AWAITING REVIEW,2024-01-23T20:37:16.379000Z,2024-01-23T20:50:33.053000Z,,2024-01-23T20:50:33.748956Z,797.0,CTVM94DF,1611,"No, I have no issues seeing colours",35,Male,White,United States,United States,United States,English,No,DATA_EXPIRED
65b0237b2bd5fba56701e7cb,5bf4d3e01a71ac0001208301,AWAITING REVIEW,2024-01-23T20:37:18.578000Z,2024-01-23T20:49:17.399000Z,,2024-01-23T20:49:17.897052Z,719.0,CTVM94DF,3,"No, I have no issues seeing colours",38,Female,White,United States,United States,United States,English,No,Unemployed (and job seeking)
65b0238d082fd0c7fde32b59,60d912ea081d95b4faa5ba51,AWAITING REVIEW,2024-01-23T20:37:37.709000Z,2024-01-23T20:54:34.153000Z,,2024-01-23T20:54:34.707233Z,1017.0,CTVM94DF,1047,"No, I have no issues seeing colours",39,Female,White,United States,United States,United States,English,No,"Not in paid work (e.g. homemaker', 'retired or disabled)"
65b023c3f06f4efc59526a0c,612274842d4805447451f87b,AWAITING REVIEW,2024-01-23T20:38:34.639000Z,2024-01-23T20:51:56.933000Z,,2024-01-23T20:51:57.447944Z,803.0,CTVM94DF,1305,"No, I have no issues seeing colours",29,Female,Black,United States,United States,United States,English,Yes,Part-Time
65b023c714959642c72a2bf5,610790e286844c36e02f906c,AWAITING REVIEW,2024-01-23T20:38:36.895000Z,2024-01-23T20:48:22.477000Z,,2024-01-23T20:48:22.916888Z,586.0,CTVM94DF,3711,"No, I have no issues seeing colours",29,Female,White,United States,United States,United States,English,No,Full-Time
65b023c9949ae9eb93290282,5c1b9212bfd9220001a9ada0,AWAITING REVIEW,2024-01-23T20:38:36.752000Z,2024-01-23T20:59:29.218000Z,,2024-01-23T20:59:29.697291Z,1253.0,CTVM94DF,3353,"No, I have no issues seeing colours",32,Male,White,United States,United States,United States,English,No,Full-Time
65b023ea355d832a734420ba,615b613de1aeca77a48c4125,AWAITING REVIEW,2024-01-23T20:39:08.690000Z,2024-01-23T20:51:14.450000Z,,2024-01-23T20:51:14.840281Z,726.0,CTVM94DF,2372,"No, I have no issues seeing colours",23,Female,White,United States,United States,United States,English,No,Part-Time
65b023ef2bd5fba56701e7e2,61412d50c1d83f94e448c0f3,AWAITING REVIEW,2024-01-23T20:39:14.739000Z,2024-01-23T20:52:26.122000Z,,2024-01-23T20:52:26.614802Z,792.0,CTVM94DF,1732,"No, I have no issues seeing colours",22,Male,Black,United States,United States,United States,English,DATA_EXPIRED,Part-Time
65b023f4e48ec2cb4791710f,5c48189592909000016862e7,AWAITING REVIEW,2024-01-23T20:39:22.338000Z,2024-01-23T20:52:14.952000Z,,2024-01-23T20:52:15.372222Z,773.0,CTVM94DF,1648,"No, I have no issues seeing colours",37,Female,White,United States,United States,United States,English,No,Part-Time
65b023f72f0a6ddb0808b9e8,5c44c6ea4c194d00019cea9c,AWAITING REVIEW,2024-01-23T20:39:24.619000Z,2024-01-23T20:51:23.940000Z,,2024-01-23T20:51:24.464577Z,720.0,CTVM94DF,522,"Yes, I'm colourblind",24,Male,White,United States,United States,United States,English,No,Full-Time
65b024022ed3b6f74892c6c6,5d092069fb1a540001dd5028,AWAITING REVIEW,2024-01-23T20:39:34.295000Z,2024-01-23T20:54:59.877000Z,,2024-01-23T20:55:00.364428Z,926.0,CTVM94DF,2557,"No, I have no issues seeing colours",29,Female,White,United States,United States,United States,English,No,Unemployed (and job seeking)
65b02409c1a74cc9448a7ef7,6165af4b36cb3bae91f2e355,AWAITING REVIEW,2024-01-23T20:39:37.817000Z,2024-01-23T20:51:38.958000Z,,2024-01-23T20:51:39.481124Z,722.0,CTVM94DF,776,"No, I have no issues seeing colours",32,Male,White,United States,United States,United States,English,No,Unemployed (and job seeking)
65b0240dcb11aa02e4cc9397,5b0ef5a630037f0001d0ff4b,AWAITING REVIEW,2024-01-23T20:40:43.749000Z,2024-01-23T20:52:01.622000Z,,2024-01-23T20:52:02.071708Z,678.0,CTVM94DF,1498,"No, I have no issues seeing colours",32,Female,White,United States,United States,United States,English,No,Full-Time
65b0243efff17b7984a09da7,631615e2e62254d0d63d1ab0,AWAITING REVIEW,2024-01-23T20:40:39.266000Z,2024-01-23T20:53:08.846000Z,,2024-01-23T20:53:09.270025Z,750.0,CTVM94DF,1975,"No, I have no issues seeing colours",31,Female,Asian,United States,United States,United States,English,No,DATA_EXPIRED
65b0244219adc96bbe428f0d,631ffc3584141f143567f021,AWAITING REVIEW,2024-01-23T20:40:39.134000Z,2024-01-23T20:54:11.320000Z,,2024-01-23T20:54:11.749623Z,813.0,CTVM94DF,472,"No, I have no issues seeing colours",22,Male,White,United States,United States,United States,English,No,Part-Time
65b02455a93c15cdde0923f5,58ed2be2a083320001a13783,AWAITING REVIEW,2024-01-23T20:40:56.146000Z,2024-01-23T21:14:22.479000Z,,2024-01-23T21:14:22.888046Z,2007.0,CTVM94DF,5212,"No, I have no issues seeing colours",39,Female,White,United States,United States,United States,English,No,DATA_EXPIRED
65b0245cd6c61305ef9b178e,655fa291e9e8e996f8e82473,AWAITING REVIEW,2024-01-23T20:41:05.904000Z,2024-01-23T20:55:32.256000Z,,2024-01-23T20:55:32.754944Z,867.0,CTVM94DF,126,"No, I have no issues seeing colours",34,Female,Black,United States,United States,United States,English,Yes,Unemployed (and job seeking)
65b0247036756eb658fbc896,60ff346f3f035109a4a49a5c,AWAITING REVIEW,2024-01-23T20:41:26.250000Z,2024-01-23T20:55:34.340000Z,,2024-01-23T20:55:34.813300Z,849.0,CTVM94DF,1902,"No, I have no issues seeing colours",28,Female,White,United States,United States,United States,English,No,Full-Time
65b024761a0e823845526323,5bcc22f80a22990001535fb2,AWAITING REVIEW,2024-01-23T20:41:31.288000Z,2024-01-23T20:54:37.392000Z,,2024-01-23T20:54:37.970994Z,787.0,CTVM94DF,332,"No, I have no issues seeing colours",24,Male,White,Romania,United States,United States,English,No,Full-Time
65b02476a1b58c1a57ea4158,61118e9a32395df5867ce217,AWAITING REVIEW,2024-01-23T20:41:30.768000Z,2024-01-23T20:52:42.899000Z,,2024-01-23T20:52:43.409434Z,673.0,CTVM94DF,258,"No, I have no issues seeing colours",21,Female,White,United States,United States,United States,English,Yes,Part-Time
65b0248181be9840cf46c935,5d2a5458c0898e001ab08f65,AWAITING REVIEW,2024-01-23T20:41:50.101000Z,2024-01-23T21:03:28.551000Z,,2024-01-23T21:03:29.132006Z,1299.0,CTVM94DF,935,"No, I have no issues seeing colours",39,Male,White,United States,United States,United States,English,No,Unemployed (and job seeking)
65b0248a5c3f937702c4afff,5de8bc74553cee8280a7dd84,AWAITING REVIEW,2024-01-23T20:41:53.109000Z,2024-01-23T20:56:31.746000Z,,2024-01-23T20:56:32.202959Z,879.0,CTVM94DF,2208,"No, I have no issues seeing colours",26,Male,White,United States,United States,United States,English,No,DATA_EXPIRED
65b0248b7492087e6c569ea6,5a4f6c4b5f741700018a79a8,AWAITING REVIEW,2024-01-23T20:43:02.818000Z,2024-01-23T20:53:51.442000Z,,2024-01-23T20:53:51.974968Z,649.0,CTVM94DF,3851,"No, I have no issues seeing colours",31,Male,Other,Mexico,United States,United States,Spanish,No,Part-Time
65b0249da907bf4517f49b29,602ed67d9dc535b2bb39efbc,AWAITING REVIEW,2024-01-23T20:42:08.579000Z,2024-01-23T20:53:11.327000Z,,2024-01-23T20:53:11.847700Z,663.0,CTVM94DF,81,"No, I have no issues seeing colours",31,Male,White,United States,United States,United States,English,No,Full-Time
65b024ae2998e01f7c775958,60b6b4d12a9854d3385bc768,AWAITING REVIEW,2024-01-23T20:42:25.781000Z,2024-01-23T21:01:26.170000Z,,2024-01-23T21:01:26.851484Z,1141.0,CTVM94DF,4559,"No, I have no issues seeing colours",28,Male,White,United States,United States,United States,English,No,DATA_EXPIRED
65b024b0082fd0c7fde32ba4,5ea3694d838a642e5790ec0a,AWAITING REVIEW,2024-01-23T20:42:27.746000Z,2024-01-23T20:53:56.551000Z,,2024-01-23T20:53:57.009444Z,689.0,CTVM94DF,2825,"No, I have no issues seeing colours",21,Female,White,United States,United States,United States,English,Yes,Unemployed (and job seeking)
65b024b7598f1eead32a2892,63ddc6baab6a2130b8a41bf7,AWAITING REVIEW,2024-01-23T20:42:39.703000Z,2024-01-23T20:56:47.117000Z,,2024-01-23T20:56:47.603574Z,848.0,CTVM94DF,1929,"No, I have no issues seeing colours",30,Male,White,Puerto Rico,United States,United States,English,No,Full-Time
65b024bc154cbc4867290656,5d269fedf6dec40019b87a59,AWAITING REVIEW,2024-01-23T20:42:40.336000Z,2024-01-23T21:14:08.135000Z,,2024-01-23T21:14:08.565285Z,1888.0,CTVM94DF,3163,"No, I have no issues seeing colours",37,Male,Other,United States,United States,United States,English,No,Full-Time
65b024c7a8a9c78e660bc57c,62e029ff528ea30b4508eaf5,AWAITING REVIEW,2024-01-23T20:52:27.112000Z,2024-01-23T21:10:48.288000Z,,2024-01-23T21:10:49.672638Z,1102.0,CTVM94DF,1432,"No, I have no issues seeing colours",21,Female,White,United States,United States,United States,English,No,Part-Time
65b024edf70fc0826289c27b,6237ca974050879378c8fea8,AWAITING REVIEW,2024-01-23T20:43:31.950000Z,2024-01-23T20:56:59.894000Z,,2024-01-23T20:57:00.323150Z,808.0,CTVM94DF,2306,"No, I have no issues seeing colours",26,Male,White,United States,United States,United States,English,DATA_EXPIRED,DATA_EXPIRED
65b024ee2652262b3d92c7b2,611465b0cdf9e7bb34a05898,AWAITING REVIEW,2024-01-23T20:43:30.751000Z,2024-01-23T20:55:11.317000Z,,2024-01-23T20:55:11.885251Z,701.0,CTVM94DF,1503,"No, I have no issues seeing colours",23,Female,White,United States,United States,United States,English,No,Due to start a new job within the next month
65b024f07ff978233cbe4b3f,5b27ef8a7f7816000146499f,AWAITING REVIEW,2024-01-23T20:43:31.427000Z,2024-01-23T20:53:55.256000Z,,2024-01-23T20:53:55.700433Z,624.0,CTVM94DF,759,"No, I have no issues seeing colours",24,Female,White,United States,United States,United States,English,No,"Not in paid work (e.g. homemaker', 'retired or disabled)"
65b025057a3f050cb7fbcbb5,5bf289cc17a7de0001cf52f0,AWAITING REVIEW,2024-01-23T20:43:52.045000Z,2024-01-23T20:54:02.128000Z,,2024-01-23T20:54:02.855480Z,611.0,CTVM94DF,486,"No, I have no issues seeing colours",29,Female,Mixed,United States,United States,United States,English,No,Full-Time
65b0252728202cbf98c214cd,5fec060b5ce3ae867e64cfb3,AWAITING REVIEW,2024-01-23T20:44:26.552000Z,2024-01-23T20:56:00.742000Z,,2024-01-23T20:56:01.267272Z,695.0,CTVM94DF,5423,"No, I have no issues seeing colours",29,Male,Asian,Korea,United States,United States,Korean,No,Full-Time
65b02529694de72f0b9366f0,5bfff7c02213be0001c2c7cf,AWAITING REVIEW,2024-01-23T20:44:27.793000Z,2024-01-23T20:58:11.443000Z,,2024-01-23T20:58:11.887321Z,824.0,CTVM94DF,2546,"No, I have no issues seeing colours",34,Female,White,United States,United States,United States,English,No,Part-Time
65b02531f34ccf7604f49ff9,5b33034d975e260001e981c9,AWAITING REVIEW,2024-01-23T20:46:12.552000Z,2024-01-23T20:57:23.313000Z,,2024-01-23T20:57:23.766710Z,671.0,CTVM94DF,2040,"No, I have no issues seeing colours",28,Female,White,United States,United States,United States,English,Yes,DATA_EXPIRED
65b025332ed3b6f74892c730,59c3289b8e6ea10001f7b926,AWAITING REVIEW,2024-01-23T20:44:38.858000Z,2024-01-23T20:54:01.019000Z,,2024-01-23T20:54:01.457854Z,563.0,CTVM94DF,3603,"No, I have no issues seeing colours",37,Female,Asian,United States,United States,United States,English,No,Full-Time
65b025363de4ee97768707f4,655fd299a33617af94bb00ee,AWAITING REVIEW,2024-01-23T20:44:44.423000Z,2024-01-23T21:01:47.466000Z,,2024-01-23T21:01:47.957573Z,1024.0,CTVM94DF,96,"No, I have no issues seeing colours",30,Female,Asian,United States,United States,United States,English,No,Full-Time
65b025406615e509a707f372,6400f74904684aced4782997,AWAITING REVIEW,2024-01-23T20:44:54.392000Z,2024-01-23T20:57:29.591000Z,,2024-01-23T20:57:30.222878Z,756.0,CTVM94DF,1678,"No, I have no issues seeing colours",29,Male,Mixed,United States,United States,United States,English,Yes,Full-Time
65b025481a0e823845526382,5f87d9bfc31a1322cfc32cbd,AWAITING REVIEW,2024-01-23T20:45:55.827000Z,2024-01-23T21:02:56.359000Z,,2024-01-23T21:02:56.838213Z,1021.0,CTVM94DF,2704,"No, I have no issues seeing colours",38,Female,White,United States,United States,United States,English,DATA_EXPIRED,DATA_EXPIRED
65b0254e2ed3b6f74892c73b,657aacdf40daebdb26cb3b94,AWAITING REVIEW,2024-01-23T20:45:04.424000Z,2024-01-23T20:57:34.711000Z,,2024-01-23T20:57:35.175412Z,751.0,CTVM94DF,93,"No, I have no issues seeing colours",19,Female,White,United States,United States,United States,English,No,Unemployed (and job seeking)
65b0255e6f6f778b76ab0f58,61464fe94ab78bd0f17d0dc0,AWAITING REVIEW,2024-01-23T20:45:23.559000Z,2024-01-23T21:11:30.655000Z,,2024-01-23T21:11:31.241512Z,1568.0,CTVM94DF,1019,"No, I have no issues seeing colours",31,Female,White,United States,United States,United States,English,DATA_EXPIRED,DATA_EXPIRED
65b0257051b9e6b72c91e9d2,658e66f34a68a13ce2c6ab37,AWAITING REVIEW,2024-01-23T20:45:51.410000Z,2024-01-23T21:00:08.994000Z,,2024-01-23T21:00:09.430916Z,858.0,CTVM94DF,180,"No, I have no issues seeing colours",23,Male,Asian,Japan,United States,United States,English,No,Full-Time
65b02574f564349eb0a09e05,654090a7a998974e1e57e76f,AWAITING REVIEW,2024-01-23T20:48:29.421000Z,2024-01-23T21:00:55.804000Z,,2024-01-23T21:00:56.310340Z,747.0,CTVM94DF,472,"No, I have no issues seeing colours",31,Female,White,United States,United States,United States,English,Yes,Part-Time
65b02594694de72f0b936715,5ba163d9cc5dd00001672c78,AWAITING REVIEW,2024-01-23T20:46:16.774000Z,2024-01-23T20:58:41.294000Z,,2024-01-23T20:58:42.621038Z,745.0,CTVM94DF,204,"No, I have no issues seeing colours",30,Female,White,United States,United States,United States,English,No,Full-Time
65b0259fb620486da0ec28ae,5c952f252e2e320019b1aa7b,AWAITING REVIEW,2024-01-23T20:47:03.497000Z,2024-01-23T21:27:27.619000Z,,2024-01-23T21:27:28.066233Z,2425.0,CTVM94DF,164,"No, I have no issues seeing colours",28,Female,White,United States,United States,United States,English,Yes,Full-Time
65b025a2972b97998e48fe2a,5e8cf43fbf65bf0bdfe15296,AWAITING REVIEW,2024-01-23T20:46:30.208000Z,2024-01-23T20:57:15.462000Z,,2024-01-23T20:57:15.934139Z,646.0,CTVM94DF,2939,"No, I have no issues seeing colours",29,Female,White,United States,United States,United States,English,Yes,Full-Time
65b025a4f70fc0826289c2bb,60fdd725b2cd02db32f9c718,AWAITING REVIEW,2024-01-23T20:46:32.579000Z,2024-01-23T21:00:35.878000Z,,2024-01-23T21:00:36.376707Z,844.0,CTVM94DF,257,"No, I have no issues seeing colours",31,Female,White,United States,United States,United States,English,No,"Not in paid work (e.g. homemaker', 'retired or disabled)"
65b025bd478289b4a25f6485,5f2047f472c1fd2eaf643c64,AWAITING REVIEW,2024-01-23T20:46:53.829000Z,2024-01-23T21:13:15.635000Z,,2024-01-23T21:13:16.188737Z,1582.0,CTVM94DF,74,"No, I have no issues seeing colours",25,Female,White,United States,United States,United States,English,Yes,Full-Time
65b025c11729c69ac9c28d74,581d50e882c5aa000132ce4f,AWAITING REVIEW,2024-01-23T20:47:07.417000Z,2024-01-23T20:57:49.918000Z,,2024-01-23T20:57:50.376270Z,643.0,CTVM94DF,4596,"No, I have no issues seeing colours",37,Male,White,United States,United States,United States,English,No,Unemployed (and job seeking)
65b025cb6610fdf6fb490092,6596c6be4c07be13b296c5df,AWAITING REVIEW,2024-01-23T20:47:11.414000Z,2024-01-23T21:05:12.685000Z,,2024-01-23T21:05:13.210226Z,1082.0,CTVM94DF,77,"No, I have no issues seeing colours",32,Female,Mixed,United States,United States,United States,English,No,Full-Time
65b025cca6649bba4ca24421,60f2a2b4932fed5326988e0f,AWAITING REVIEW,2024-01-23T20:47:15.248000Z,2024-01-23T21:04:32.641000Z,,2024-01-23T21:04:33.072115Z,1038.0,CTVM94DF,5394,"No, I have no issues seeing colours",31,Male,White,United States,United States,United States,English,No,"Not in paid work (e.g. homemaker', 'retired or disabled)"
65b025ce972b97998e48fe36,616de80c9d988b900e45e5d3,AWAITING REVIEW,2024-01-23T20:47:18.502000Z,2024-01-23T20:59:27.839000Z,,2024-01-23T20:59:28.365866Z,730.0,NOCODE,1328,"No, I have no issues seeing colours",20,Male,White,United States,United States,United States,English,Yes,Part-Time
65b025da81be9840cf46c9b8,60fe09e20ce118843ca6bcd0,AWAITING REVIEW,2024-01-23T20:47:28.219000Z,2024-01-23T20:57:57.235000Z,,2024-01-23T20:57:57.658160Z,630.0,CTVM94DF,235,"No, I have no issues seeing colours",23,Female,White,United States,United States,United States,English,No,Unemployed (and job seeking)
65b025dd478289b4a25f648d,577d11f88b3e2300016d74a0,AWAITING REVIEW,2024-01-23T20:47:29.622000Z,2024-01-23T21:03:57.015000Z,,2024-01-23T21:03:57.570428Z,988.0,CTVM94DF,3203,"No, I have no issues seeing colours",38,Female,White,United States,United States,United States,English,No,DATA_EXPIRED
65b025ebd6c61305ef9b17fb,6509ef2182c4abf47b1cb961,AWAITING REVIEW,2024-01-23T20:47:43.045000Z,2024-01-23T20:58:49.194000Z,,2024-01-23T20:58:49.704748Z,667.0,CTVM94DF,781,"No, I have no issues seeing colours",22,Female,Asian,Japan,United States,United States,English,No,Part-Time
65b025eeb90715a1ab01eeb8,62f3d5ac1cf87ffbc2f4f26b,AWAITING REVIEW,2024-01-23T20:49:00.396000Z,2024-01-23T21:00:58.344000Z,,2024-01-23T21:00:58.857325Z,718.0,CTVM94DF,980,"No, I have no issues seeing colours",33,Male,White,United States,United States,United States,English,No,Full-Time
65b025ef55547462931796a8,614f58258eaf7063aa888d90,AWAITING REVIEW,2024-01-23T20:47:48.761000Z,2024-01-23T21:12:45.854000Z,,2024-01-23T21:12:46.297555Z,1498.0,CTVM94DF,2761,"No, I have no issues seeing colours",30,Female,Black,United States,United States,United States,English,No,"Not in paid work (e.g. homemaker', 'retired or disabled)"
65b025f2e48ec2cb479171a4,63c047ef36e1348b19bb8010,AWAITING REVIEW,2024-01-23T20:51:58.178000Z,2024-01-23T21:14:18.226000Z,,2024-01-23T21:14:18.670261Z,1341.0,CTVM94DF,1358,"No, I have no issues seeing colours",37,Female,White,United States,United States,United States,English,DATA_EXPIRED,Full-Time
65b025ffacd7ad22580bccc2,5a2adf6a8e00a000019864fb,AWAITING REVIEW,2024-01-23T20:48:03.482000Z,2024-01-23T21:01:52.764000Z,,2024-01-23T21:01:53.315312Z,830.0,CTVM94DF,3644,"No, I have no issues seeing colours",40,Male,White,United States,United States,United States,English,DATA_EXPIRED,DATA_EXPIRED
65b026061d913569272e8b03,5f4a68e4d8963d5e469541f1,AWAITING REVIEW,2024-01-23T20:48:10.114000Z,2024-01-23T21:03:09.469000Z,,2024-01-23T21:03:10.087422Z,900.0,CTVM94DF,192,"No, I have no issues seeing colours",22,Female,Asian,United States,United States,United States,English,DATA_EXPIRED,Due to start a new job within the next month
65b0261fd6c61305ef9b1808,6116f60ae8f48f7d1244e8d3,AWAITING REVIEW,2024-01-23T20:48:36.228000Z,2024-01-23T20:58:27.872000Z,,2024-01-23T20:58:28.358720Z,592.0,CTVM94DF,827,"No, I have no issues seeing colours",23,Female,White,United States,United States,United States,English,No,Part-Time
65b026315c3f937702c4b094,5eaa5d8b040c211e56dc98c0,AWAITING REVIEW,2024-01-23T20:48:55.826000Z,2024-01-23T21:03:46.664000Z,,2024-01-23T21:03:47.093961Z,891.0,CTVM94DF,2135,"No, I have no issues seeing colours",38,Male,Black,United States,United States,United States,English,No,Full-Time
65b0265f55547462931796bb,5c82c9a4d8302a00010639b8,AWAITING REVIEW,2024-01-23T20:49:40.309000Z,2024-01-23T21:05:50.278000Z,,2024-01-23T21:05:50.881368Z,970.0,CTVM94DF,2903,"No, I have no issues seeing colours",33,Male,Mixed,United States,United States,United States,English,No,Full-Time
65b0266055547462931796bc,610860255929b4914b27719d,AWAITING REVIEW,2024-01-23T20:49:41.077000Z,2024-01-23T21:01:43.663000Z,,2024-01-23T21:01:44.115180Z,723.0,CTVM94DF,435,"No, I have no issues seeing colours",25,Female,Mixed,United States,United States,United States,English,No,Full-Time
65b0266250b190d33e2e87d2,63e53f1ad00dc1f9f2c3cc36,AWAITING REVIEW,2024-01-23T20:49:44.509000Z,2024-01-23T21:05:37.343000Z,,2024-01-23T21:05:37.856391Z,953.0,CTVM94DF,629,"No, I have no issues seeing colours",26,Male,White,United States,United States,United States,English,No,DATA_EXPIRED
65b0266350b190d33e2e87d4,60e6edaeed006606fe5d0419,AWAITING REVIEW,2024-01-23T20:49:42.866000Z,2024-01-23T21:05:19.720000Z,,2024-01-23T21:05:20.170598Z,937.0,CTVM94DF,1498,"No, I have no issues seeing colours",35,Female,Black,United States,United States,United States,English,Yes,Full-Time
65b0268575cf854e7d48a1cd,5f0151a9e5751c2a5313c45e,AWAITING REVIEW,2024-01-23T20:50:23.302000Z,2024-01-23T21:03:30.838000Z,,2024-01-23T21:03:31.562729Z,788.0,CTVM94DF,2046,"No, I have no issues seeing colours",29,Female,White,United States,United States,United States,English,Yes,"Not in paid work (e.g. homemaker', 'retired or disabled)"
65b0268550b190d33e2e87da,63d7fb6ee49281f6c41d6630,AWAITING REVIEW,2024-01-23T20:50:19.913000Z,2024-01-23T21:02:03.172000Z,,2024-01-23T21:02:03.572138Z,704.0,CTVM94DF,2368,"No, I have no issues seeing colours",28,Male,White,United States,United States,United States,English,No,DATA_EXPIRED
65b02688fc8dfd5be7cc9826,5d8d12f6d88e3a00142c9751,AWAITING REVIEW,2024-01-23T20:50:32.076000Z,2024-01-23T21:03:42.001000Z,,2024-01-23T21:03:42.578815Z,790.0,CTVM94DF,5169,"No, I have no issues seeing colours",38,Male,White,United States,United States,United States,English,No,DATA_EXPIRED
65b026887efa539e2042900f,5b564680ed90280001510d9a,AWAITING REVIEW,2024-01-23T20:50:57.706000Z,2024-01-23T21:03:20.307000Z,,2024-01-23T21:03:20.805207Z,743.0,CTVM94DF,4268,"No, I have no issues seeing colours",38,Male,White,United States,United States,United States,English,No,Part-Time
65b0268975cf854e7d48a1cf,614f9a284f135b4da3329968,AWAITING REVIEW,2024-01-23T20:50:17.331000Z,2024-01-23T21:08:02.473000Z,,2024-01-23T21:08:02.939337Z,1066.0,CTVM94DF,2840,"No, I have no issues seeing colours",28,Female,White,United States,United States,United States,English,No,Full-Time
65b026a5e40b54e54567e36c,5ebb96b6cd673a0008ace9ce,AWAITING REVIEW,2024-01-23T20:51:00.993000Z,2024-01-23T21:34:07.589000Z,,2024-01-23T21:34:08.046564Z,2587.0,NOCODE,4467,"No, I have no issues seeing colours",26,Male,Asian,United States,United States,United States,Bengali,Yes,"Not in paid work (e.g. homemaker', 'retired or disabled)"
65b026a72bd5fba56701e8bd,65a886d80279e6d71af87e7b,AWAITING REVIEW,2024-01-23T20:50:53.156000Z,2024-01-23T21:05:47.183000Z,,2024-01-23T21:05:47.639791Z,895.0,CTVM94DF,22,"No, I have no issues seeing colours",30,Female,Asian,United States,United States,United States,English,Yes,Part-Time
65b026a946881d2c61870d76,659d55bdaf21e817bc9a6a2a,AWAITING REVIEW,2024-01-23T20:50:52.949000Z,2024-01-23T21:04:41.786000Z,,2024-01-23T21:04:42.200599Z,829.0,CTVM94DF,100,"No, I have no issues seeing colours",24,Female,Asian,United States,United States,United States,English,No,Unemployed (and job seeking)
65b026aab613b90e84936b88,5f8cff5b20cbd14a4e792ee8,AWAITING REVIEW,2024-01-23T20:50:50.386000Z,2024-01-23T21:30:51.865000Z,,2024-01-23T21:30:52.331780Z,2402.0,CTVM94DF,551,"No, I have no issues seeing colours",26,Female,White,United States,United States,United States,English,Yes,Full-Time
65b026aba0f26fd69108b6c9,6473bd2d95a488b826bc24c4,AWAITING REVIEW,2024-01-23T20:50:59.289000Z,2024-01-23T20:59:48.283000Z,,2024-01-23T20:59:48.747424Z,529.0,CTVM94DF,1011,"No, I have no issues seeing colours",31,Male,White,United States,United States,United States,English,DATA_EXPIRED,DATA_EXPIRED
65b026ae53235b15e2c2884b,62c4d5821033848c1dc3667b,AWAITING REVIEW,2024-01-23T20:50:58.524000Z,2024-01-23T21:10:35.165000Z,,2024-01-23T21:10:35.660324Z,1177.0,CTVM94DF,3743,"No, I have no issues seeing colours",40,Male,White,United States,United States,United States,English,No,Full-Time
65b026ae1729c69ac9c28da3,628f0d7e3055b5d1887916c5,AWAITING REVIEW,2024-01-23T20:53:01.443000Z,2024-01-23T21:05:49.757000Z,,2024-01-23T21:05:50.226970Z,769.0,CTVM94DF,2092,"No, I have no issues seeing colours",31,Male,White,United States,United States,United States,English,No,Full-Time
65b026b12998e01f7c7759f2,5be084ec4c397b0001ec3567,AWAITING REVIEW,2024-01-23T20:51:30.020000Z,2024-01-23T21:04:11.013000Z,,2024-01-23T21:04:11.495420Z,761.0,CTVM94DF,2037,"No, I have no issues seeing colours",28,Male,White,United States,United States,United States,English,No,Full-Time
65b026bad6c61305ef9b1832,656964b3923e30926f806a2c,AWAITING REVIEW,2024-01-23T20:51:15.848000Z,2024-01-23T21:05:54.537000Z,,2024-01-23T21:05:55.009141Z,879.0,CTVM94DF,200,"No, I have no issues seeing colours",31,Female,Mixed,United States,United States,United States,English,No,Unemployed (and job seeking)
65b026c0a677a2eaa889c11a,65aed2821502ba3ac8b601c7,AWAITING REVIEW,2024-01-23T20:51:17.150000Z,2024-01-23T21:04:39.747000Z,,2024-01-23T21:04:40.219258Z,803.0,CTVM94DF,32,"No, I have no issues seeing colours",32,Male,Asian,United States,United States,United States,English,No,Due to start a new job within the next month
65b026cd6b5bc4a709527332,62c9024c3181d7800e31a759,AWAITING REVIEW,2024-01-23T20:51:37.765000Z,2024-01-23T21:05:14.844000Z,,2024-01-23T21:05:15.915471Z,818.0,CTVM94DF,1039,"No, I have no issues seeing colours",31,Male,White,United States,United States,United States,English,DATA_EXPIRED,DATA_EXPIRED
65b026ce7492087e6c569f48,616d6463aa6ae2ee832b3804,AWAITING REVIEW,2024-01-23T20:51:29.338000Z,2024-01-23T21:06:50.004000Z,,2024-01-23T21:06:50.489280Z,921.0,CTVM94DF,2726,"No, I have no issues seeing colours",34,Male,White,United States,United States,United States,English,No,DATA_EXPIRED
65b026d8a93c15cdde092499,55c694e3fdf99b6c4f28595f,AWAITING REVIEW,2024-01-23T20:51:39.518000Z,2024-01-23T21:06:36.321000Z,,2024-01-23T21:06:36.792566Z,897.0,CTVM94DF,1779,"No, I have no issues seeing colours",36,Male,White,United States,United States,United States,English,No,Full-Time
65b026db301879a2d307f802,5dbf704fa3f5cb40876271fc,AWAITING REVIEW,2024-01-23T20:51:42.806000Z,2024-01-23T21:03:46.478000Z,,2024-01-23T21:03:46.930318Z,724.0,CTVM94DF,751,"No, I have no issues seeing colours",33,Female,White,United States,United States,United States,English,No,"Not in paid work (e.g. homemaker', 'retired or disabled)"
65b026e96f6f778b76ab0fbd,5d1555fe628de0001966c2fa,AWAITING REVIEW,2024-01-23T20:51:56.320000Z,2024-01-23T21:06:51.208000Z,,2024-01-23T21:06:51.637282Z,895.0,CTVM94DF,2062,"No, I have no issues seeing colours",25,Female,White,United States,United States,United States,English,No,Unemployed (and job seeking)
65b026edc75e0c8536527093,5c318c0143b64d000171d078,AWAITING REVIEW,2024-01-23T20:52:17.638000Z,2024-01-23T21:02:54.438000Z,,2024-01-23T21:02:55.003302Z,637.0,CTVM94DF,2210,"No, I have no issues seeing colours",23,Female,Asian,United States,United States,United States,Vietnamese,No,Full-Time
65b026f005ea69e857be47a8,652fe7c2b91e23646d72a1e6,AWAITING REVIEW,2024-01-23T20:52:04.526000Z,2024-01-23T21:04:53.510000Z,,2024-01-23T21:04:54.687713Z,769.0,CTVM94DF,581,"No, I have no issues seeing colours",28,Female,White,United States,United States,United States,English,No,"Not in paid work (e.g. homemaker', 'retired or disabled)"
65b026fc25b9109e7eb22926,61005b49f8382e2e24f00ef0,AWAITING REVIEW,2024-01-23T20:52:20.808000Z,2024-01-23T21:03:29.781000Z,,2024-01-23T21:03:30.330420Z,669.0,CTVM94DF,1537,"No, I have no issues seeing colours",33,Female,White,United States,United States,United States,English,No,Full-Time
65b026fe2ed3b6f74892c79d,64139f74c36da8c35b846024,AWAITING REVIEW,2024-01-23T20:52:18.941000Z,2024-01-23T21:05:47.319000Z,,2024-01-23T21:05:47.791502Z,809.0,CTVM94DF,1643,"No, I have no issues seeing colours",33,Male,White,United States,United States,United States,English,No,Full-Time
65b02716f564349eb0a09e69,5a4a94fef7b7bc00014e1462,AWAITING REVIEW,2024-01-23T20:53:59Z,2024-01-23T21:06:27.137000Z,,2024-01-23T21:06:27.599780Z,749.0,CTVM94DF,5872,"No, I have no issues seeing colours",35,Male,Other,United States,United States,United States,Spanish,No,Full-Time
65b02724182dd435d60eccca,5b8e9747a862a6000120a050,AWAITING REVIEW,2024-01-23T20:52:57.498000Z,2024-01-23T21:04:05.077000Z,,2024-01-23T21:04:05.527516Z,668.0,CTVM94DF,2440,"No, I have no issues seeing colours",37,Male,White,United States,United States,United States,English,No,Full-Time
65b0273576023270c22ab3e0,59f22a9fd6380600018b2929,AWAITING REVIEW,2024-01-23T20:53:53.079000Z,2024-01-23T21:16:09.806000Z,,2024-01-23T21:16:10.854645Z,1337.0,CTVM94DF,791,"No, I have no issues seeing colours",27,Female,White,United States,United States,United States,English,No,"Not in paid work (e.g. homemaker', 'retired or disabled)"
65b02736554fda16e1598506,5faeb8eb6562cd0163f216ec,AWAITING REVIEW,2024-01-23T20:53:13.355000Z,2024-01-23T21:11:24.521000Z,,2024-01-23T21:11:25.223118Z,1092.0,CTVM94DF,5387,"No, I have no issues seeing colours",29,Male,Asian,United States,United States,United States,English,No,"Not in paid work (e.g. homemaker', 'retired or disabled)"
65b02749b613b90e84936bae,63d5aafaa65a001c36a652b2,AWAITING REVIEW,2024-01-23T20:53:33.137000Z,2024-01-23T21:03:39.600000Z,,2024-01-23T21:03:40.040199Z,607.0,CTVM94DF,1893,"No, I have no issues seeing colours",36,Male,White,United States,United States,United States,English,No,Full-Time
65b0274db8387df5402585d3,5f3ac1732efa0a74f975b1a8,AWAITING REVIEW,2024-01-23T20:53:33.728000Z,2024-01-23T21:18:05.558000Z,,2024-01-23T21:18:06.056809Z,1472.0,NOCODE,2147,"No, I have no issues seeing colours",29,Female,White,United States,United States,United States,English,DATA_EXPIRED,DATA_EXPIRED
65b0276a2bd5fba56701e8e8,627986ad0b4e17430bd23d80,AWAITING REVIEW,2024-01-23T20:54:05.933000Z,2024-01-23T21:03:46.378000Z,,2024-01-23T21:03:46.829365Z,581.0,CTVM94DF,3425,"No, I have no issues seeing colours",34,Male,Asian,United States,United States,United States,Vietnamese,DATA_EXPIRED,DATA_EXPIRED
65b0278254f53c1f31543d5d,60c01964b0d8a8858c3fa335,AWAITING REVIEW,2024-01-23T20:54:51.343000Z,2024-01-23T21:38:27.482000Z,,2024-01-23T21:38:27.962504Z,2617.0,CTVM94DF,94,"No, I have no issues seeing colours",34,Female,Other,United States,United States,United States,English,DATA_EXPIRED,Full-Time
65b02784b8387df5402585da,5a348ea750833c0001ee9550,AWAITING REVIEW,2024-01-23T20:54:31.770000Z,2024-01-23T21:07:15.191000Z,,2024-01-23T21:07:15.691276Z,764.0,CTVM94DF,2891,"No, I have no issues seeing colours",36,Female,White,United States,United States,United States,English,No,DATA_EXPIRED
65b0278a55547462931796fd,5e1a7114a90da52e206de7ea,AWAITING REVIEW,2024-01-23T20:54:37.316000Z,2024-01-23T21:05:03.028000Z,,2024-01-23T21:05:03.544408Z,626.0,CTVM94DF,3775,"No, I have no issues seeing colours",35,Male,White,United States,United States,United States,English,No,"Not in paid work (e.g. homemaker', 'retired or disabled)"
65b02792b9f15538ffc7241a,5d3695969749cc00165c222f,AWAITING REVIEW,2024-01-23T20:54:44.403000Z,2024-01-23T21:20:11.943000Z,,2024-01-23T21:20:12.416195Z,1528.0,CTVM94DF,6230,"No, I have no issues seeing colours",28,Male,White,United States,United States,United States,English,No,Full-Time
65b0279419adc96bbe428fd0,5e56457f6370ba0184e041b4,AWAITING REVIEW,2024-01-23T20:56:32.244000Z,2024-01-23T21:33:02.067000Z,,2024-01-23T21:33:02.562367Z,2190.0,CTVM94DF,3620,"No, I have no issues seeing colours",25,Male,White,United States,United States,United States,English,DATA_EXPIRED,Part-Time
65b02796b8387df5402585df,605e6f4f35800996a22ac0ab,AWAITING REVIEW,2024-01-23T20:55:04.189000Z,2024-01-23T21:06:28.309000Z,,2024-01-23T21:06:29.514137Z,685.0,CTVM94DF,2044,"No, I have no issues seeing colours",26,Female,Mixed,United States,United States,United States,English,Yes,DATA_EXPIRED
65b0279aa8f76151e756a48c,601a2908d4210b238f755fed,AWAITING REVIEW,2024-01-23T20:54:50.353000Z,2024-01-23T21:34:46.810000Z,,2024-01-23T21:34:47.253794Z,2397.0,CTVM94DF,947,"No, I have no issues seeing colours",28,Male,Black,United States,United States,United States,English,No,Full-Time
65b027b25554746293179706,5cbb78d664170f00011d7c4f,AWAITING REVIEW,2024-01-23T20:56:22.075000Z,2024-01-23T21:34:09.316000Z,,2024-01-23T21:34:09.851796Z,2268.0,CTVM94DF,4069,"No, I have no issues seeing colours",27,Female,White,United States,United States,United States,English,DATA_EXPIRED,DATA_EXPIRED
65b027ca2b2644b3472cb8d5,65ae75ddcc163b8e8b23d45b,AWAITING REVIEW,2024-01-23T20:55:50.544000Z,2024-01-23T21:12:33.865000Z,,2024-01-23T21:12:34.456087Z,1004.0,CTVM94DF,14,"No, I have no issues seeing colours",37,Female,White,United States,United States,United States,English,No,"Not in paid work (e.g. homemaker', 'retired or disabled)"
65b027cbb613b90e84936bc6,5cb5f1e080ba1c0001790399,AWAITING REVIEW,2024-01-23T20:56:27.808000Z,2024-01-23T21:34:41.799000Z,,2024-01-23T21:34:42.382482Z,2294.0,CTVM94DF,3784,"No, I have no issues seeing colours",28,Male,White,United States,United States,United States,English,DATA_EXPIRED,DATA_EXPIRED
65b027d8f7c44533a7ea4250,5f0963c6310eaf000b922e94,AWAITING REVIEW,2024-01-23T20:55:56.572000Z,2024-01-23T21:09:33.136000Z,,2024-01-23T21:09:33.568943Z,817.0,CTVM94DF,562,"No, I have no issues seeing colours",35,Female,White,United States,United States,United States,English,No,Unemployed (and job seeking)
65b027db4ec8fd1dc46ff3e4,656f47c38d6a2aa50bccb845,AWAITING REVIEW,2024-01-23T20:56:00.185000Z,2024-01-23T21:16:51.159000Z,,2024-01-23T21:16:51.603486Z,1251.0,CTVM94DF,111,"No, I have no issues seeing colours",35,Female,Asian,Korea,United States,United States,Korean,No,Part-Time
65b027def564349eb0a09e97,631ab79e8635a1df26319958,AWAITING REVIEW,2024-01-23T20:59:34.229000Z,2024-01-23T21:11:57.027000Z,,2024-01-23T21:11:57.540723Z,743.0,CTVM94DF,3144,"No, I have no issues seeing colours",19,Male,White,United States,United States,United States,English,No,Unemployed (and job seeking)
65b027df984acb926804bc7e,632096b5574155e8727c50cc,AWAITING REVIEW,2024-01-23T20:56:04.321000Z,2024-01-23T21:06:42.577000Z,,2024-01-23T21:06:43.112270Z,639.0,CTVM94DF,1870,"No, I have no issues seeing colours",30,Male,White,United States,United States,United States,English,No,Full-Time
65b027e3154cbc4867290750,5f39433e518ae24a53d11c92,AWAITING REVIEW,2024-01-23T20:56:09.898000Z,2024-01-23T21:32:21.317000Z,,2024-01-23T21:32:21.789420Z,2172.0,CTVM94DF,529,"No, I have no issues seeing colours",25,Female,White,United States,United States,United States,English,Yes,Full-Time
65b027e56fc9bc6748c72971,60edc8b4b70a4a4131a8bcfa,AWAITING REVIEW,2024-01-23T20:56:08.161000Z,2024-01-23T21:08:12.891000Z,,2024-01-23T21:08:13.333927Z,725.0,CTVM94DF,438,"No, I have no issues seeing colours",31,Male,White,United States,United States,United States,English,No,Full-Time
65b027ee9dd119b146eb3b41,62e750fa810b090c094dc2f0,AWAITING REVIEW,2024-01-23T21:00:11.930000Z,2024-01-23T21:17:23.396000Z,,2024-01-23T21:17:23.960529Z,1032.0,CTVM94DF,828,"No, I have no issues seeing colours",28,Male,White,United States,United States,United States,English,No,Unemployed (and job seeking)
65b027eea6abd97470e892c8,62b21265a3b5b67b0f8ae791,AWAITING REVIEW,2024-01-23T20:56:17.636000Z,2024-01-23T21:23:07.092000Z,,2024-01-23T21:23:07.595208Z,1610.0,CTVM94DF,3331,"No, I have no issues seeing colours",34,Male,Black,United States,United States,United States,English,No,Full-Time
65b027f319adc96bbe428feb,646778f0d6b43cbeb4501454,AWAITING REVIEW,2024-01-23T20:56:29.250000Z,2024-01-23T21:09:22.064000Z,,2024-01-23T21:09:22.732129Z,773.0,CTVM94DF,1264,"No, I have no issues seeing colours",24,Female,White,United States,United States,United States,English,No,Other
65b027f45944d6875d775d6d,5635d988dc62e5000bcb3eb2,AWAITING REVIEW,2024-01-23T20:56:20.637000Z,2024-01-23T21:06:12.981000Z,,2024-01-23T21:06:13.483064Z,593.0,CTVM94DF,2512,"No, I have no issues seeing colours",33,Female,Asian,United States,United States,United States,English,No,Unemployed (and job seeking)
65b027faa94b9e1d61179552,5e0e1b8800a6bf000a694f79,AWAITING REVIEW,2024-01-23T20:56:29.671000Z,2024-01-23T21:06:39.502000Z,,2024-01-23T21:06:40.050272Z,610.0,CTVM94DF,4250,"No, I have no issues seeing colours",30,Female,White,United States,United States,United States,English,No,Full-Time
65b027fb7efa539e2042905a,6138e0e705d9e4707bb79e09,AWAITING REVIEW,2024-01-23T20:56:37.565000Z,2024-01-23T21:13:10.357000Z,,2024-01-23T21:13:10.770706Z,993.0,CTVM94DF,3786,"No, I have no issues seeing colours",35,Female,White,United States,United States,United States,English,No,Other
65b027ffd5d5b1a5ad28557d,5ebb4e079797f9127c0f03ab,AWAITING REVIEW,2024-01-23T20:56:35.730000Z,2024-01-23T21:11:42.793000Z,,2024-01-23T21:11:43.477851Z,908.0,CTVM94DF,3881,"Yes, I'm colourblind",36,Female,Mixed,United States,United States,United States,English,No,Due to start a new job within the next month
65b0280ff6b52c62a4c17b22,5de33ff0cc246f3633dc01d2,AWAITING REVIEW,2024-01-23T20:56:50.857000Z,2024-01-23T21:10:22.905000Z,,2024-01-23T21:10:23.408445Z,813.0,CTVM94DF,5668,"No, I have no issues seeing colours",36,Male,White,United States,United States,United States,English,No,"Not in paid work (e.g. homemaker', 'retired or disabled)"
65b0281c1534f8886dc4b3f4,5d0e6b201b7ef6001a6346fc,AWAITING REVIEW,2024-01-23T20:57:02.007000Z,2024-01-23T21:11:38.617000Z,,2024-01-23T21:11:39.158865Z,877.0,CTVM94DF,987,"No, I have no issues seeing colours",34,Female,White,United States,United States,United States,English,DATA_EXPIRED,DATA_EXPIRED
65b028201729c69ac9c28de7,568e7144e3ef9e000da20149,AWAITING REVIEW,2024-01-23T21:00:57.112000Z,2024-01-23T21:14:19.910000Z,,2024-01-23T21:14:20.363531Z,803.0,CTVM94DF,4299,"No, I have no issues seeing colours",39,Male,Mixed,United States,United States,United States,English,No,Full-Time
65b02821acd7ad22580bcd40,6111a1893c0daa13e23ab15a,AWAITING REVIEW,2024-01-23T20:57:26.668000Z,2024-01-23T21:11:46.997000Z,,2024-01-23T21:11:47.454651Z,861.0,CTVM94DF,2827,"No, I have no issues seeing colours",40,Male,Black,United States,United States,United States,English,DATA_EXPIRED,DATA_EXPIRED
65b028227efa539e2042906b,5e38e79295ff561112eae457,AWAITING REVIEW,2024-01-23T20:57:10.397000Z,2024-01-23T21:25:24.046000Z,,2024-01-23T21:25:24.516743Z,1694.0,CTVM94DF,4376,"No, I have no issues seeing colours",38,Male,White,United States,United States,United States,English,No,DATA_EXPIRED
65b0282c554fda16e1598554,612fcbbd5386d9edb42da147,AWAITING REVIEW,2024-01-23T20:57:20.909000Z,2024-01-23T21:26:08.497000Z,,2024-01-23T21:26:08.998128Z,1728.0,CTVM94DF,4253,"No, I have no issues seeing colours",34,Male,White,United States,United States,United States,English,No,Unemployed (and job seeking)
65b028306615e509a707f3f3,5a08ddd0df3fa800015c36ac,AWAITING REVIEW,2024-01-23T20:57:23.671000Z,2024-01-23T21:10:24.892000Z,,2024-01-23T21:10:25.533522Z,782.0,CTVM94DF,2452,"No, I have no issues seeing colours",27,Male,White,United States,United States,United States,English,DATA_EXPIRED,DATA_EXPIRED
65b02831cb11aa02e4cc94af,55bc99e3fdf99b06452252f8,AWAITING REVIEW,2024-01-23T20:57:28.470000Z,2024-01-23T21:11:32.593000Z,,2024-01-23T21:11:33.026845Z,845.0,CTVM94DF,839,"No, I have no issues seeing colours",37,Male,Black,United States,United States,United States,English,No,Full-Time
65b02838598f1eead32a2986,589d0c07d6a2220001178695,AWAITING REVIEW,2024-01-23T20:57:33.773000Z,2024-01-23T21:10:07.741000Z,,2024-01-23T21:10:08.268829Z,754.0,CTVM94DF,440,"No, I have no issues seeing colours",32,Female,White,United States,United States,United States,English,No,Unemployed (and job seeking)
65b02844355d832a73442190,655f8305b777e4c757101337,AWAITING REVIEW,2024-01-23T20:57:44.528000Z,2024-01-23T21:11:00.172000Z,,2024-01-23T21:11:00.627123Z,796.0,CTVM94DF,212,"No, I have no issues seeing colours",21,Male,White,United States,United States,United States,English,No,DATA_EXPIRED
65b0284954f53c1f31543d80,5e62f732321c5c08db54cca2,AWAITING REVIEW,2024-01-23T20:57:52.872000Z,2024-01-23T21:19:48.941000Z,,2024-01-23T21:19:49.368867Z,1317.0,CTVM94DF,4723,"No, I have no issues seeing colours",36,Male,White,United States,United States,United States,English,No,"Not in paid work (e.g. homemaker', 'retired or disabled)"
65b0284cf34ccf7604f4a0ac,5c281f7170d93a0001211396,AWAITING REVIEW,2024-01-23T21:00:34.463000Z,2024-01-23T21:18:14.166000Z,,2024-01-23T21:18:14.647311Z,1060.0,CTVM94DF,3184,"No, I have no issues seeing colours",29,Female,Black,United States,United States,United States,English,DATA_EXPIRED,DATA_EXPIRED
65b028cb2c257ef59dec28ec,61183a3a63c62d933e60d5bf,AWAITING REVIEW,2024-01-23T21:00:01.790000Z,2024-01-23T21:12:57.992000Z,,2024-01-23T21:12:58.473081Z,777.0,CTVM94DF,413,"No, I have no issues seeing colours",31,Female,White,United States,United States,United States,English,No,DATA_EXPIRED
65b02923d6c61305ef9b18be,62e6c5d05d354e1f99d612e4,AWAITING REVIEW,2024-01-23T21:01:27.903000Z,2024-01-23T21:32:02.099000Z,,2024-01-23T21:32:02.534147Z,1835.0,CTVM94DF,2249,"No, I have no issues seeing colours",32,Male,Black,United States,United States,United States,English,No,Full-Time
65b02c76b90715a1ab01f007,55acf681fdf99b3d5b2ab68c,AWAITING REVIEW,2024-01-23T21:17:28.299000Z,2024-01-23T21:29:56.202000Z,,2024-01-23T21:29:56.751884Z,748.0,CTVM94DF,3183,"No, I have no issues seeing colours",39,Female,White,United States,United States,United States,English,No,Full-Time
65b02c771cba997d3435ba88,5c4353086ce36f0001205f65,AWAITING REVIEW,2024-01-23T21:15:44.244000Z,2024-01-23T21:27:09.124000Z,,2024-01-23T21:27:09.550762Z,685.0,CTVM94DF,1411,"No, I have no issues seeing colours",37,Female,White,United States,United States,United States,English,No,"Not in paid work (e.g. homemaker', 'retired or disabled)"
65b02ccf560090df869a7164,610898813e48dc2864965122,AWAITING REVIEW,2024-01-23T21:17:06.648000Z,2024-01-23T21:30:31.748000Z,,2024-01-23T21:30:32.184564Z,806.0,CTVM94DF,4015,"No, I have no issues seeing colours",27,Male,Mixed,United States,United States,United States,English,No,Unemployed (and job seeking)
65b02ff1d5d5b1a5ad285717,5781c15381f331000139a89e,AWAITING REVIEW,2024-01-23T21:30:31.856000Z,2024-01-23T21:44:38.981000Z,,2024-01-23T21:44:39.420873Z,848.0,CTVM94DF,4501,"No, I have no issues seeing colours",36,Female,White,Germany,United States,United States,English,No,Full-Time
65b0336e24a6ebc52b48a29d,611bce5ac6e92b749dc5e450,AWAITING REVIEW,2024-01-23T21:45:28.116000Z,2024-01-23T22:00:58.422000Z,,2024-01-23T22:01:22.390271Z,931.0,CTVM94DF,55,"No, I have no issues seeing colours",26,Female,Asian,United States,United States,United States,Chinese,No,"Not in paid work (e.g. homemaker', 'retired or disabled)"
65b0336e2b2644b3472cbbfb,65403100f465bc9343e271d5,AWAITING REVIEW,2024-01-23T21:46:16.748000Z,2024-01-23T22:01:19.555000Z,,2024-01-23T22:01:24.016033Z,903.0,CTVM94DF,511,"No, I have no issues seeing colours",22,Female,Mixed,United States,United States,United States,English,No,Unemployed (and job seeking)
65b0373bb65be128cf61461e,5e1c138a2bf9514062e4de6b,AWAITING REVIEW,2024-01-23T22:01:31.309000Z,2024-01-23T22:17:11.525000Z,,2024-01-23T22:17:53.348339Z,941.0,CTVM94DF,4992,"No, I have no issues seeing colours",38,Male,White,United States,United States,United States,English,No,Full-Time
65b01d9edcc56beb78fe59bc,5d1653de3935ca001b87ff71,RETURNED,2024-01-23T20:23:00.066000Z,,,,,,3195,CONSENT_REVOKED,CONSENT_REVOKED,CONSENT_REVOKED,CONSENT_REVOKED,CONSENT_REVOKED,CONSENT_REVOKED,CONSENT_REVOKED,CONSENT_REVOKED,CONSENT_REVOKED,CONSENT_REVOKED
65b01df8f564349eb0a09c06,5a6ff39ef660ae0001a9837e,RETURNED,2024-01-23T20:13:54.445000Z,,,,,,1990,CONSENT_REVOKED,CONSENT_REVOKED,CONSENT_REVOKED,CONSENT_REVOKED,CONSENT_REVOKED,CONSENT_REVOKED,CONSENT_REVOKED,CONSENT_REVOKED,CONSENT_REVOKED,CONSENT_REVOKED
65b01eef965254538646cc59,6000ab5e1467ea19ce99b8e1,RETURNED,2024-01-23T20:17:54.041000Z,,,,,,666,CONSENT_REVOKED,CONSENT_REVOKED,CONSENT_REVOKED,CONSENT_REVOKED,CONSENT_REVOKED,CONSENT_REVOKED,CONSENT_REVOKED,CONSENT_REVOKED,CONSENT_REVOKED,CONSENT_REVOKED
65b01f85a8f76151e756a2b1,6584799f35ef411a8fb9fdb6,TIMED-OUT,2024-01-23T20:20:27.790000Z,,,,15344.0,,50,"No, I have no issues seeing colours",34,Female,Black,United States,United States,United States,English,No,Full-Time
65b020c60bfb2abbc4ee4630,5b65f7935c431c000127ae5f,TIMED-OUT,2024-01-23T20:25:42.641000Z,,,,15029.0,,597,"No, I have no issues seeing colours",32,Female,Mixed,United States,United States,United States,English,Yes,Full-Time
65b02181a94b9e1d6117938c,614ce6a7a33bac955957f7a6,RETURNED,2024-01-23T20:31:42.012000Z,,,,,,2207,CONSENT_REVOKED,CONSENT_REVOKED,CONSENT_REVOKED,CONSENT_REVOKED,CONSENT_REVOKED,CONSENT_REVOKED,CONSENT_REVOKED,CONSENT_REVOKED,CONSENT_REVOKED,CONSENT_REVOKED
65b022c64ec8fd1dc46ff253,5e402dcd7b260d000a7b69fe,RETURNED,2024-01-23T20:34:17.061000Z,,,,,,4321,CONSENT_REVOKED,CONSENT_REVOKED,CONSENT_REVOKED,CONSENT_REVOKED,CONSENT_REVOKED,CONSENT_REVOKED,CONSENT_REVOKED,CONSENT_REVOKED,CONSENT_REVOKED,CONSENT_REVOKED
65b022dd5c3f937702c4afb5,656f4f102fac49cceb7852bd,RETURNED,2024-01-23T20:34:42.002000Z,,,,,,187,CONSENT_REVOKED,CONSENT_REVOKED,CONSENT_REVOKED,CONSENT_REVOKED,CONSENT_REVOKED,CONSENT_REVOKED,CONSENT_REVOKED,CONSENT_REVOKED,CONSENT_REVOKED,CONSENT_REVOKED
65b023abe9ff68a8abc16ed3,62b9e1aed4b802b4e268125d,RETURNED,2024-01-23T20:38:18.823000Z,,,,,,1250,CONSENT_REVOKED,CONSENT_REVOKED,CONSENT_REVOKED,CONSENT_REVOKED,CONSENT_REVOKED,CONSENT_REVOKED,CONSENT_REVOKED,CONSENT_REVOKED,CONSENT_REVOKED,CONSENT_REVOKED
65b02490e4ef852d213a7e0a,6591b629080f478f8600778d,RETURNED,2024-01-23T20:52:00.079000Z,,,,,,53,CONSENT_REVOKED,CONSENT_REVOKED,CONSENT_REVOKED,CONSENT_REVOKED,CONSENT_REVOKED,CONSENT_REVOKED,CONSENT_REVOKED,CONSENT_REVOKED,CONSENT_REVOKED,CONSENT_REVOKED
65b024a30420d1e795fe5b63,615de8088e854203de184778,RETURNED,2024-01-23T20:42:17.569000Z,,,,,,358,CONSENT_REVOKED,CONSENT_REVOKED,CONSENT_REVOKED,CONSENT_REVOKED,CONSENT_REVOKED,CONSENT_REVOKED,CONSENT_REVOKED,CONSENT_REVOKED,CONSENT_REVOKED,CONSENT_REVOKED
65b024bec97c198bfc25807d,59d308dcaeef3b0001021c1d,TIMED-OUT,2024-01-23T20:42:42.568000Z,,,,14009.0,,1234,"No, I have no issues seeing colours",27,Female,White,United States,United States,United States,English,No,Full-Time
65b02534b65be128cf6140af,62c61250e85c96fc1794c7db,RETURNED,2024-01-23T20:44:40.624000Z,,,,,,2165,CONSENT_REVOKED,CONSENT_REVOKED,CONSENT_REVOKED,CONSENT_REVOKED,CONSENT_REVOKED,CONSENT_REVOKED,CONSENT_REVOKED,CONSENT_REVOKED,CONSENT_REVOKED,CONSENT_REVOKED
65b0256f61951222bb5f67f1,63e52c4a3bd16ef05fec6ee7,RETURNED,2024-01-23T20:45:38.564000Z,,,,,,2367,CONSENT_REVOKED,CONSENT_REVOKED,CONSENT_REVOKED,CONSENT_REVOKED,CONSENT_REVOKED,CONSENT_REVOKED,CONSENT_REVOKED,CONSENT_REVOKED,CONSENT_REVOKED,CONSENT_REVOKED
65b0258819adc96bbe428f5e,62c5cdfe50000fce3e390be0,RETURNED,2024-01-23T20:46:04.441000Z,,,,,,2329,CONSENT_REVOKED,CONSENT_REVOKED,CONSENT_REVOKED,CONSENT_REVOKED,CONSENT_REVOKED,CONSENT_REVOKED,CONSENT_REVOKED,CONSENT_REVOKED,CONSENT_REVOKED,CONSENT_REVOKED
65b025a10ff49880498f3f04,612597436eff2c3e15310f3f,TIMED-OUT,2024-01-23T20:46:27.981000Z,,,,13784.0,,2357,"No, I have no issues seeing colours",28,Male,White,United States,United States,United States,English,No,Full-Time
65b025ca182dd435d60ecc6c,62db607906a1c0be0039aa32,TIMED-OUT,2024-01-23T20:47:24.568000Z,,,,13727.0,,630,"No, I have no issues seeing colours",38,Male,White,United States,United States,United States,English,No,Unemployed (and job seeking)
65b025e0669c5855ba91755b,55c43918fdf99b080551e044,RETURNED,2024-01-23T20:47:34.408000Z,,,,,,5170,CONSENT_REVOKED,CONSENT_REVOKED,CONSENT_REVOKED,CONSENT_REVOKED,CONSENT_REVOKED,CONSENT_REVOKED,CONSENT_REVOKED,CONSENT_REVOKED,CONSENT_REVOKED,CONSENT_REVOKED
65b0260c554fda16e15984bc,594c1e5a9160cb00011d6474,RETURNED,2024-01-23T20:48:15.182000Z,,,,,,1978,CONSENT_REVOKED,CONSENT_REVOKED,CONSENT_REVOKED,CONSENT_REVOKED,CONSENT_REVOKED,CONSENT_REVOKED,CONSENT_REVOKED,CONSENT_REVOKED,CONSENT_REVOKED,CONSENT_REVOKED
65b02677154cbc48672906f2,631745c93690c0701ba9f4d1,RETURNED,2024-01-23T20:52:01.069000Z,,,,,,489,CONSENT_REVOKED,CONSENT_REVOKED,CONSENT_REVOKED,CONSENT_REVOKED,CONSENT_REVOKED,CONSENT_REVOKED,CONSENT_REVOKED,CONSENT_REVOKED,CONSENT_REVOKED,CONSENT_REVOKED
65b026abf8d81585497fcedb,646633f7c6264a9a636042d8,RETURNED,2024-01-23T20:50:54.517000Z,,,,,,899,CONSENT_REVOKED,CONSENT_REVOKED,CONSENT_REVOKED,CONSENT_REVOKED,CONSENT_REVOKED,CONSENT_REVOKED,CONSENT_REVOKED,CONSENT_REVOKED,CONSENT_REVOKED,CONSENT_REVOKED
65b026c2e5ece63035eb3c5e,5fb33154a2f41ea504c25dcf,RETURNED,2024-01-23T20:51:16.900000Z,,,,,,2791,CONSENT_REVOKED,CONSENT_REVOKED,CONSENT_REVOKED,CONSENT_REVOKED,CONSENT_REVOKED,CONSENT_REVOKED,CONSENT_REVOKED,CONSENT_REVOKED,CONSENT_REVOKED,CONSENT_REVOKED
65b0270859046305983811b2,613e8615f92ddabff937b9c6,RETURNED,2024-01-23T20:52:29.626000Z,,,,,,1747,CONSENT_REVOKED,CONSENT_REVOKED,CONSENT_REVOKED,CONSENT_REVOKED,CONSENT_REVOKED,CONSENT_REVOKED,CONSENT_REVOKED,CONSENT_REVOKED,CONSENT_REVOKED,CONSENT_REVOKED
65b027def564349eb0a09e96,63d71e67dd0fcccd3cc745b0,RETURNED,2024-01-23T20:56:04.756000Z,,,,,,2112,CONSENT_REVOKED,CONSENT_REVOKED,CONSENT_REVOKED,CONSENT_REVOKED,CONSENT_REVOKED,CONSENT_REVOKED,CONSENT_REVOKED,CONSENT_REVOKED,CONSENT_REVOKED,CONSENT_REVOKED
65b02a6c14959642c72a2d39,5c4ea7c3889752000156ddc5,TIMED-OUT,2024-01-23T21:11:34.508000Z,,,,12278.0,,3160,"No, I have no issues seeing colours",27,Male,Mixed,United States,United States,United States,English,No,Unemployed (and job seeking)
