prolific_id,uid,session_id,step,action,game_type,game_total_reward,reward_generated,shot,transfer,game_sequence,block_index,session_index,teacher,zone_index
trial,LV5OGLVIUZDLTOABA7F,LV5OGLVJ8J5W7BRQFDT,0,shoot,practice,0,false,true,,,,,solo,
trial,LV5OGLVIUZDLTOABA7F,LV5OGLVJ8J5W7BRQFDT,1,shoot,practice,1,true,true,,,,,solo,
trial,LV5OGLVIUZDLTOABA7F,LV5OGLVJ8J5W7BRQFDT,2,shoot,practice,1,false,true,,,,,solo,
trial,LV5OGLVIUZDLTOABA7F,LV5OGLVJ8J5W7BRQFDT,3,shoot,practice,1,false,true,,,,,solo,
trial,LV5OGLVIUZDLTOABA7F,LV5OGLVJ8J5W7BRQFDT,4,shoot,practice,1,false,true,,,,,solo,
trial,LV5OGLVIUZDLTOABA7F,LV5OGLVJ8J5W7BRQFDT,5,shoot,practice,2,true,true,,,,,solo,
trial,LV5OGLVIUZDLTOABA7F,LV5OGLVJ8J5W7BRQFDT,6,shoot,practice,2,false,true,,,,,solo,
trial,LV5OGLVIUZDLTOABA7F,LV5OGLVJ8J5W7BRQFDT,7,shoot,practice,3,true,true,,,,,solo,
trial,LV5OGLVIUZDLTOABA7F,LV5OGLVJ8J5W7BRQFDT,8,shoot,practice,4,true,true,,,,,solo,
trial,LV5OGLVIUZDLTOABA7F,LV5OGLVJ8J5W7BRQFDT,9,shoot,practice,4,false,true,,,,,solo,
trial,LV5OGLVIUZDLTOABA7F,LV5OGLVJ8J5W7BRQFDT,10,shoot,practice,4,false,true,,,,,solo,
trial,LV5OGLVIUZDLTOABA7F,LV5OGLVJ8J5W7BRQFDT,11,shoot,practice,4,false,true,,,,,solo,
trial,LV5OGLVIUZDLTOABA7F,LV5OGLVJ8J5W7BRQFDT,12,shoot,practice,4,false,true,,,,,solo,
trial,LV5OGLVIUZDLTOABA7F,LV5OGLVJ8J5W7BRQFDT,13,shoot,practice,4,false,true,,,,,solo,
trial,LV5OGLVIUZDLTOABA7F,LV5OGLVJ8J5W7BRQFDT,14,shoot,practice,4,false,true,,,,,solo,
trial,LV5OGLVIUZDLTOABA7F,LV5OGLVJ8J5W7BRQFDT,15,shoot,practice,4,false,true,,,,,solo,
trial,LV5OGLVIUZDLTOABA7F,LV5OGLVJ8J5W7BRQFDT,16,shoot,practice,4,false,true,,,,,solo,
trial,LV5OGLVIUZDLTOABA7F,LV5OGLVJ8J5W7BRQFDT,17,shoot,practice,4,false,true,,,,,solo,
trial,LV5OGLVIUZDLTOABA7F,LV5OGLVJ8J5W7BRQFDT,18,shoot,practice,5,true,true,,,,,solo,
trial,LV5OGLVIUZDLTOABA7F,LV5OGLVJ8J5W7BRQFDT,19,shoot,practice,5,false,true,,,,,solo,
trial,LV5OGLVIUZDLTOABA7F,LV5OGLVJ8J5W7BRQFDT,20,shoot,practice,5,false,true,,,,,solo,
trial,LV5OGLVIUZDLTOABA7F,LV5OGLVJ8J5W7BRQFDT,21,shoot,practice,5,false,true,,,,,solo,
trial,LV5OGLVIUZDLTOABA7F,LV5OGLVJ8J5W7BRQFDT,22,shoot,practice,5,false,true,,,,,solo,
trial,LV5OGLVIUZDLTOABA7F,LV5OGLVJ8J5W7BRQFDT,23,shoot,practice,6,true,true,,,,,solo,
trial,LV5OGLVIUZDLTOABA7F,LV5OGLVJ8J5W7BRQFDT,0,shoot,play,1,true,true,false,play-play-play-play,0,0,solo,0
trial,LV5OGLVIUZDLTOABA7F,LV5OGLVJ8J5W7BRQFDT,1,shoot,play,2,true,true,false,play-play-play-play,0,0,solo,0
trial,LV5OGLVIUZDLTOABA7F,LV5OGLVJ8J5W7BRQFDT,2,shoot,play,2,false,true,false,play-play-play-play,0,0,solo,0
trial,LV5OGLVIUZDLTOABA7F,LV5OGLVJ8J5W7BRQFDT,3,shoot,play,3,true,true,false,play-play-play-play,0,0,solo,0
trial,LV5OGLVIUZDLTOABA7F,LV5OGLVJ8J5W7BRQFDT,4,shoot,play,4,true,true,false,play-play-play-play,0,0,solo,0
trial,LV5OGLVIUZDLTOABA7F,LV5OGLVJ8J5W7BRQFDT,5,shoot,play,5,true,true,false,play-play-play-play,0,0,solo,0
trial,LV5OGLVIUZDLTOABA7F,LV5OGLVJ8J5W7BRQFDT,6,shoot,play,5,false,true,false,play-play-play-play,0,0,solo,0
trial,LV5OGLVIUZDLTOABA7F,LV5OGLVJ8J5W7BRQFDT,7,shoot,play,5,false,true,false,play-play-play-play,0,0,solo,0
trial,LV5OGLVIUZDLTOABA7F,LV5OGLVJ8J5W7BRQFDT,8,shoot,play,5,false,true,false,play-play-play-play,0,0,solo,0
trial,LV5OGLVIUZDLTOABA7F,LV5OGLVJ8J5W7BRQFDT,9,shoot,play,5,false,true,false,play-play-play-play,0,0,solo,0
trial,LV5OGLVIUZDLTOABA7F,LV5OGLVJ8J5W7BRQFDT,10,shoot,play,6,true,true,false,play-play-play-play,0,0,solo,0
trial,LV5OGLVIUZDLTOABA7F,LV5OGLVJ8J5W7BRQFDT,11,shoot,play,6,false,true,false,play-play-play-play,0,0,solo,0
trial,LV5OGLVIUZDLTOABA7F,LV5OGLVJ8J5W7BRQFDT,12,shoot,play,7,true,true,false,play-play-play-play,0,0,solo,0
trial,LV5OGLVIUZDLTOABA7F,LV5OGLVJ8J5W7BRQFDT,13,shoot,play,8,true,true,false,play-play-play-play,0,0,solo,0
trial,LV5OGLVIUZDLTOABA7F,LV5OGLVJ8J5W7BRQFDT,14,shoot,play,9,true,true,false,play-play-play-play,0,0,solo,0
trial,LV5OGLVIUZDLTOABA7F,LV5OGLVJ8J5W7BRQFDT,15,shoot,play,10,true,true,false,play-play-play-play,0,0,solo,0
trial,LV5OGLVIUZDLTOABA7F,LV5OGLVJ8J5W7BRQFDT,16,shoot,play,10,false,true,false,play-play-play-play,0,0,solo,0
trial,LV5OGLVIUZDLTOABA7F,LV5OGLVJ8J5W7BRQFDT,17,shoot,play,10,false,true,false,play-play-play-play,0,0,solo,0
trial,LV5OGLVIUZDLTOABA7F,LV5OGLVJ8J5W7BRQFDT,18,shoot,play,10,false,true,false,play-play-play-play,0,0,solo,0
trial,LV5OGLVIUZDLTOABA7F,LV5OGLVJ8J5W7BRQFDT,19,shoot,play,11,true,true,false,play-play-play-play,0,0,solo,0
trial,LV5OGLVIUZDLTOABA7F,LV5OGLVJ8J5W7BRQFDT,20,shoot,play,11,false,true,false,play-play-play-play,0,0,solo,0
trial,LV5OGLVIUZDLTOABA7F,LV5OGLVJ8J5W7BRQFDT,21,shoot,play,11,false,true,false,play-play-play-play,0,0,solo,0
trial,LV5OGLVIUZDLTOABA7F,LV5OGLVJ8J5W7BRQFDT,22,shoot,play,11,false,true,false,play-play-play-play,0,0,solo,0
trial,LV5OGLVIUZDLTOABA7F,LV5OGLVJ8J5W7BRQFDT,23,shoot,play,11,false,true,false,play-play-play-play,0,0,solo,0
trial,LV5OGLVIUZDLTOABA7F,LV5OGLVJ8J5W7BRQFDT,0,shoot,play,1,true,true,false,play-play-play-play,1,0,solo,0
trial,LV5OGLVIUZDLTOABA7F,LV5OGLVJ8J5W7BRQFDT,1,shoot,play,2,true,true,false,play-play-play-play,1,0,solo,0
trial,LV5OGLVIUZDLTOABA7F,LV5OGLVJ8J5W7BRQFDT,2,shoot,play,3,true,true,false,play-play-play-play,1,0,solo,0
trial,LV5OGLVIUZDLTOABA7F,LV5OGLVJ8J5W7BRQFDT,3,shoot,play,3,false,true,false,play-play-play-play,1,0,solo,0
trial,LV5OGLVIUZDLTOABA7F,LV5OGLVJ8J5W7BRQFDT,4,shoot,play,4,true,true,false,play-play-play-play,1,0,solo,0
trial,LV5OGLVIUZDLTOABA7F,LV5OGLVJ8J5W7BRQFDT,5,shoot,play,5,true,true,false,play-play-play-play,1,0,solo,0
trial,LV5OGLVIUZDLTOABA7F,LV5OGLVJ8J5W7BRQFDT,6,shoot,play,6,true,true,false,play-play-play-play,1,0,solo,0
trial,LV5OGLVIUZDLTOABA7F,LV5OGLVJ8J5W7BRQFDT,7,shoot,play,6,false,true,false,play-play-play-play,1,0,solo,0
trial,LV5OGLVIUZDLTOABA7F,LV5OGLVJ8J5W7BRQFDT,8,shoot,play,7,true,true,false,play-play-play-play,1,0,solo,0
trial,LV5OGLVIUZDLTOABA7F,LV5OGLVJ8J5W7BRQFDT,9,shoot,play,8,true,true,false,play-play-play-play,1,0,solo,0
trial,LV5OGLVIUZDLTOABA7F,LV5OGLVJ8J5W7BRQFDT,10,shoot,play,9,true,true,false,play-play-play-play,1,0,solo,0
trial,LV5OGLVIUZDLTOABA7F,LV5OGLVJ8J5W7BRQFDT,11,shoot,play,10,true,true,false,play-play-play-play,1,0,solo,0
trial,LV5OGLVIUZDLTOABA7F,LV5OGLVJ8J5W7BRQFDT,12,shoot,play,10,false,true,false,play-play-play-play,1,0,solo,0
trial,LV5OGLVIUZDLTOABA7F,LV5OGLVJ8J5W7BRQFDT,13,shoot,play,10,false,true,false,play-play-play-play,1,0,solo,0
trial,LV5OGLVIUZDLTOABA7F,LV5OGLVJ8J5W7BRQFDT,14,shoot,play,10,false,true,false,play-play-play-play,1,0,solo,0
trial,LV5OGLVIUZDLTOABA7F,LV5OGLVJ8J5W7BRQFDT,15,shoot,play,10,false,true,false,play-play-play-play,1,0,solo,0
trial,LV5OGLVIUZDLTOABA7F,LV5OGLVJ8J5W7BRQFDT,16,shoot,play,10,false,true,false,play-play-play-play,1,0,solo,0
trial,LV5OGLVIUZDLTOABA7F,LV5OGLVJ8J5W7BRQFDT,17,shoot,play,10,false,true,false,play-play-play-play,1,0,solo,0
trial,LV5OGLVIUZDLTOABA7F,LV5OGLVJ8J5W7BRQFDT,18,shoot,play,10,false,true,false,play-play-play-play,1,0,solo,0
trial,LV5OGLVIUZDLTOABA7F,LV5OGLVJ8J5W7BRQFDT,19,shoot,play,10,false,true,false,play-play-play-play,1,0,solo,0
trial,LV5OGLVIUZDLTOABA7F,LV5OGLVJ8J5W7BRQFDT,20,shoot,play,10,false,true,false,play-play-play-play,1,0,solo,0
trial,LV5OGLVIUZDLTOABA7F,LV5OGLVJ8J5W7BRQFDT,21,shoot,play,11,true,true,false,play-play-play-play,1,0,solo,0
trial,LV5OGLVIUZDLTOABA7F,LV5OGLVJ8J5W7BRQFDT,22,shoot,play,12,true,true,false,play-play-play-play,1,0,solo,0
trial,LV5OGLVIUZDLTOABA7F,LV5OGLVJ8J5W7BRQFDT,23,shoot,play,12,false,true,false,play-play-play-play,1,0,solo,0
trial,LV5OGLVIUZDLTOABA7F,LV5OGLVJ8J5W7BRQFDT,0,shoot,play,0,false,true,false,play-play-play-play,2,0,solo,0
trial,LV5OGLVIUZDLTOABA7F,LV5OGLVJ8J5W7BRQFDT,1,shoot,play,0,false,true,false,play-play-play-play,2,0,solo,0
trial,LV5OGLVIUZDLTOABA7F,LV5OGLVJ8J5W7BRQFDT,2,shoot,play,0,false,true,false,play-play-play-play,2,0,solo,0
trial,LV5OGLVIUZDLTOABA7F,LV5OGLVJ8J5W7BRQFDT,3,shoot,play,1,true,true,false,play-play-play-play,2,0,solo,0
trial,LV5OGLVIUZDLTOABA7F,LV5OGLVJ8J5W7BRQFDT,0,shoot,play,1,true,true,false,play-play-play-play,3,0,solo,0
trial,LV5OGLVIUZDLTOABA7F,LV5OGLVJ8J5W7BRQFDT,1,shoot,play,1,false,true,false,play-play-play-play,3,0,solo,0
trial,LV5OGLVIUZDLTOABA7F,LV5OGLVJ8J5W7BRQFDT,2,shoot,play,1,false,true,false,play-play-play-play,3,0,solo,0
trial,LV5OGLVIUZDLTOABA7F,LV5OGLVJ8J5W7BRQFDT,3,shoot,play,2,true,true,false,play-play-play-play,3,0,solo,0
trial,LV5OGLVIUZDLTOABA7F,LV5OGLVJ8J5W7BRQFDT,4,shoot,play,2,false,true,false,play-play-play-play,3,0,solo,0
trial,LV5OGLVIUZDLTOABA7F,LV5OGLVJ8J5W7BRQFDT,5,shoot,play,3,true,true,false,play-play-play-play,3,0,solo,0
trial,LV5OGLVIUZDLTOABA7F,LV5OGLVJ8J5W7BRQFDT,6,shoot,play,3,false,true,false,play-play-play-play,3,0,solo,0
trial,LV5OGLVIUZDLTOABA7F,LV5OGLVJ8J5W7BRQFDT,7,shoot,play,4,true,true,false,play-play-play-play,3,0,solo,0
trial,LV5OGLVIUZDLTOABA7F,LV5OGLVJ8J5W7BRQFDT,8,shoot,play,5,true,true,false,play-play-play-play,3,0,solo,0
trial,LV5OGLVIUZDLTOABA7F,LV5OGLVJ8J5W7BRQFDT,9,shoot,play,5,false,true,false,play-play-play-play,3,0,solo,0
trial,LV5OGLVIUZDLTOABA7F,LV5OGLVJ8J5W7BRQFDT,10,shoot,play,5,false,true,false,play-play-play-play,3,0,solo,0
trial,LV5OGLVIUZDLTOABA7F,LV5OGLVJ8J5W7BRQFDT,11,shoot,play,5,false,true,false,play-play-play-play,3,0,solo,0
trial,LV5OGLVIUZDLTOABA7F,LV5OGLVJ8J5W7BRQFDT,12,shoot,play,6,true,true,false,play-play-play-play,3,0,solo,0
trial,LV5OGLVIUZDLTOABA7F,LV5OGLVJ8J5W7BRQFDT,13,shoot,play,7,true,true,false,play-play-play-play,3,0,solo,0
trial,LV5OGLVIUZDLTOABA7F,LV5OGLVJ8J5W7BRQFDT,14,shoot,play,8,true,true,false,play-play-play-play,3,0,solo,0
trial,LV5OGLVIUZDLTOABA7F,LV5OGLVJ8J5W7BRQFDT,15,shoot,play,8,false,true,false,play-play-play-play,3,0,solo,0
trial,LV5OGLVIUZDLTOABA7F,LV5OGLVJ8J5W7BRQFDT,16,shoot,play,8,false,true,false,play-play-play-play,3,0,solo,0
trial,LV5OGLVIUZDLTOABA7F,LV5OGLVJ8J5W7BRQFDT,17,shoot,play,9,true,true,false,play-play-play-play,3,0,solo,0
trial,LV5OGLVIUZDLTOABA7F,LV5OGLVJ8J5W7BRQFDT,18,shoot,play,9,false,true,false,play-play-play-play,3,0,solo,0
trial,LV5OGLVIUZDLTOABA7F,LV5OGLVJ8J5W7BRQFDT,19,shoot,play,9,false,true,false,play-play-play-play,3,0,solo,0
trial,LV5OGLVIUZDLTOABA7F,LV5OGLVJ8J5W7BRQFDT,20,shoot,play,10,true,true,false,play-play-play-play,3,0,solo,0
trial,LV5OGLVIUZDLTOABA7F,LV5OGLVJ8J5W7BRQFDT,21,shoot,play,10,false,true,false,play-play-play-play,3,0,solo,0
trial,LV5OGLVIUZDLTOABA7F,LV5OGLVJ8J5W7BRQFDT,22,shoot,play,10,false,true,false,play-play-play-play,3,0,solo,0
trial,LV5OGLVIUZDLTOABA7F,LV5OGLVJ8J5W7BRQFDT,23,shoot,play,10,false,true,false,play-play-play-play,3,0,solo,0
trial,LV5OGLVIUZDLTOABA7F,LV5OGLVJASIQNF0RWEN,0,shoot,play,0,false,true,false,play-play-watch-play,0,1,novice,1
trial,LV5OGLVIUZDLTOABA7F,LV5OGLVJASIQNF0RWEN,1,shoot,play,1,true,true,false,play-play-watch-play,0,1,novice,1
trial,LV5OGLVIUZDLTOABA7F,LV5OGLVJASIQNF0RWEN,2,shoot,play,1,false,true,false,play-play-watch-play,0,1,novice,1
trial,LV5OGLVIUZDLTOABA7F,LV5OGLVJASIQNF0RWEN,3,shoot,play,1,false,true,false,play-play-watch-play,0,1,novice,1
trial,LV5OGLVIUZDLTOABA7F,LV5OGLVJASIQNF0RWEN,4,shoot,play,2,true,true,false,play-play-watch-play,0,1,novice,1
trial,LV5OGLVIUZDLTOABA7F,LV5OGLVJASIQNF0RWEN,5,shoot,play,2,false,true,false,play-play-watch-play,0,1,novice,1
trial,LV5OGLVIUZDLTOABA7F,LV5OGLVJASIQNF0RWEN,6,shoot,play,3,true,true,false,play-play-watch-play,0,1,novice,1
trial,LV5OGLVIUZDLTOABA7F,LV5OGLVJASIQNF0RWEN,7,shoot,play,4,true,true,false,play-play-watch-play,0,1,novice,1
trial,LV5OGLVIUZDLTOABA7F,LV5OGLVJASIQNF0RWEN,8,shoot,play,4,false,true,false,play-play-watch-play,0,1,novice,1
trial,LV5OGLVIUZDLTOABA7F,LV5OGLVJASIQNF0RWEN,9,shoot,play,5,true,true,false,play-play-watch-play,0,1,novice,1
trial,LV5OGLVIUZDLTOABA7F,LV5OGLVJASIQNF0RWEN,10,shoot,play,6,true,true,false,play-play-watch-play,0,1,novice,1
trial,LV5OGLVIUZDLTOABA7F,LV5OGLVJASIQNF0RWEN,11,shoot,play,7,true,true,false,play-play-watch-play,0,1,novice,1
trial,LV5OGLVIUZDLTOABA7F,LV5OGLVJASIQNF0RWEN,12,shoot,play,8,true,true,false,play-play-watch-play,0,1,novice,1
trial,LV5OGLVIUZDLTOABA7F,LV5OGLVJASIQNF0RWEN,13,shoot,play,9,true,true,false,play-play-watch-play,0,1,novice,1
trial,LV5OGLVIUZDLTOABA7F,LV5OGLVJASIQNF0RWEN,14,shoot,play,10,true,true,false,play-play-watch-play,0,1,novice,1
trial,LV5OGLVIUZDLTOABA7F,LV5OGLVJASIQNF0RWEN,15,shoot,play,11,true,true,false,play-play-watch-play,0,1,novice,1
trial,LV5OGLVIUZDLTOABA7F,LV5OGLVJASIQNF0RWEN,16,shoot,play,11,false,true,false,play-play-watch-play,0,1,novice,1
trial,LV5OGLVIUZDLTOABA7F,LV5OGLVJASIQNF0RWEN,17,shoot,play,11,false,true,false,play-play-watch-play,0,1,novice,1
trial,LV5OGLVIUZDLTOABA7F,LV5OGLVJASIQNF0RWEN,18,shoot,play,11,false,true,false,play-play-watch-play,0,1,novice,1
trial,LV5OGLVIUZDLTOABA7F,LV5OGLVJASIQNF0RWEN,19,shoot,play,11,false,true,false,play-play-watch-play,0,1,novice,1
trial,LV5OGLVIUZDLTOABA7F,LV5OGLVJASIQNF0RWEN,20,shoot,play,12,true,true,false,play-play-watch-play,0,1,novice,1
trial,LV5OGLVIUZDLTOABA7F,LV5OGLVJASIQNF0RWEN,21,shoot,play,12,false,true,false,play-play-watch-play,0,1,novice,1
trial,LV5OGLVIUZDLTOABA7F,LV5OGLVJASIQNF0RWEN,22,shoot,play,13,true,true,false,play-play-watch-play,0,1,novice,1
trial,LV5OGLVIUZDLTOABA7F,LV5OGLVJASIQNF0RWEN,23,shoot,play,13,false,true,false,play-play-watch-play,0,1,novice,1
trial,LV5OGLVIUZDLTOABA7F,LV5OGLVJASIQNF0RWEN,0,shoot,play,0,false,true,false,play-play-watch-play,1,1,novice,1
trial,LV5OGLVIUZDLTOABA7F,LV5OGLVJASIQNF0RWEN,1,shoot,play,1,true,true,false,play-play-watch-play,1,1,novice,1
trial,LV5OGLVIUZDLTOABA7F,LV5OGLVJASIQNF0RWEN,2,shoot,play,1,false,true,false,play-play-watch-play,1,1,novice,1
trial,LV5OGLVIUZDLTOABA7F,LV5OGLVJASIQNF0RWEN,3,shoot,play,2,true,true,false,play-play-watch-play,1,1,novice,1
trial,LV5OGLVIUZDLTOABA7F,LV5OGLVJASIQNF0RWEN,4,shoot,play,3,true,true,false,play-play-watch-play,1,1,novice,1
trial,LV5OGLVIUZDLTOABA7F,LV5OGLVJASIQNF0RWEN,5,shoot,play,3,false,true,false,play-play-watch-play,1,1,novice,1
trial,LV5OGLVIUZDLTOABA7F,LV5OGLVJASIQNF0RWEN,6,shoot,play,3,false,true,false,play-play-watch-play,1,1,novice,1
trial,LV5OGLVIUZDLTOABA7F,LV5OGLVJASIQNF0RWEN,7,shoot,play,3,false,true,false,play-play-watch-play,1,1,novice,1
trial,LV5OGLVIUZDLTOABA7F,LV5OGLVJASIQNF0RWEN,8,shoot,play,4,true,true,false,play-play-watch-play,1,1,novice,1
trial,LV5OGLVIUZDLTOABA7F,LV5OGLVJASIQNF0RWEN,9,shoot,play,4,false,true,false,play-play-watch-play,1,1,novice,1
trial,LV5OGLVIUZDLTOABA7F,LV5OGLVJASIQNF0RWEN,10,shoot,play,5,true,true,false,play-play-watch-play,1,1,novice,1
trial,LV5OGLVIUZDLTOABA7F,LV5OGLVJASIQNF0RWEN,11,shoot,play,6,true,true,false,play-play-watch-play,1,1,novice,1
trial,LV5OGLVIUZDLTOABA7F,LV5OGLVJASIQNF0RWEN,12,shoot,play,6,false,true,false,play-play-watch-play,1,1,novice,1
trial,LV5OGLVIUZDLTOABA7F,LV5OGLVJASIQNF0RWEN,13,shoot,play,6,false,true,false,play-play-watch-play,1,1,novice,1
trial,LV5OGLVIUZDLTOABA7F,LV5OGLVJASIQNF0RWEN,14,shoot,play,6,false,true,false,play-play-watch-play,1,1,novice,1
trial,LV5OGLVIUZDLTOABA7F,LV5OGLVJASIQNF0RWEN,15,shoot,play,7,true,true,false,play-play-watch-play,1,1,novice,1
trial,LV5OGLVIUZDLTOABA7F,LV5OGLVJASIQNF0RWEN,16,shoot,play,7,false,true,false,play-play-watch-play,1,1,novice,1
trial,LV5OGLVIUZDLTOABA7F,LV5OGLVJASIQNF0RWEN,17,shoot,play,7,false,true,false,play-play-watch-play,1,1,novice,1
trial,LV5OGLVIUZDLTOABA7F,LV5OGLVJASIQNF0RWEN,18,shoot,play,8,true,true,false,play-play-watch-play,1,1,novice,1
trial,LV5OGLVIUZDLTOABA7F,LV5OGLVJASIQNF0RWEN,19,shoot,play,9,true,true,false,play-play-watch-play,1,1,novice,1
trial,LV5OGLVIUZDLTOABA7F,LV5OGLVJASIQNF0RWEN,20,shoot,play,9,false,true,false,play-play-watch-play,1,1,novice,1
trial,LV5OGLVIUZDLTOABA7F,LV5OGLVJASIQNF0RWEN,21,shoot,play,10,true,true,false,play-play-watch-play,1,1,novice,1
trial,LV5OGLVIUZDLTOABA7F,LV5OGLVJASIQNF0RWEN,22,shoot,play,10,false,true,false,play-play-watch-play,1,1,novice,1
trial,LV5OGLVIUZDLTOABA7F,LV5OGLVJASIQNF0RWEN,23,shoot,play,10,false,true,false,play-play-watch-play,1,1,novice,1
trial,LV5OGLVIUZDLTOABA7F,LV5OGLVJASIQNF0RWEN,1,shoot,watch,1,true,true,false,play-play-watch-play,2,1,novice,1
trial,LV5OGLVIUZDLTOABA7F,LV5OGLVJASIQNF0RWEN,2,shoot,watch,1,false,true,false,play-play-watch-play,2,1,novice,1
trial,LV5OGLVIUZDLTOABA7F,LV5OGLVJASIQNF0RWEN,3,shoot,watch,2,true,true,false,play-play-watch-play,2,1,novice,1
trial,LV5OGLVIUZDLTOABA7F,LV5OGLVJASIQNF0RWEN,4,shoot,watch,2,false,true,false,play-play-watch-play,2,1,novice,1
trial,LV5OGLVIUZDLTOABA7F,LV5OGLVJASIQNF0RWEN,0,shoot,play,0,false,true,false,play-play-watch-play,3,1,novice,1
trial,LV5OGLVIUZDLTOABA7F,LV5OGLVJASIQNF0RWEN,1,shoot,play,0,false,true,false,play-play-watch-play,3,1,novice,1
trial,LV5OGLVIUZDLTOABA7F,LV5OGLVJASIQNF0RWEN,2,shoot,play,0,false,true,false,play-play-watch-play,3,1,novice,1
trial,LV5OGLVIUZDLTOABA7F,LV5OGLVJASIQNF0RWEN,3,shoot,play,1,true,true,false,play-play-watch-play,3,1,novice,1
trial,LV5OGLVIUZDLTOABA7F,LV5OGLVJASIQNF0RWEN,4,shoot,play,1,false,true,false,play-play-watch-play,3,1,novice,1
trial,LV5OGLVIUZDLTOABA7F,LV5OGLVJASIQNF0RWEN,5,shoot,play,1,false,true,false,play-play-watch-play,3,1,novice,1
trial,LV5OGLVIUZDLTOABA7F,LV5OGLVJASIQNF0RWEN,6,shoot,play,1,false,true,false,play-play-watch-play,3,1,novice,1
trial,LV5OGLVIUZDLTOABA7F,LV5OGLVJASIQNF0RWEN,7,shoot,play,1,false,true,false,play-play-watch-play,3,1,novice,1
trial,LV5OGLVIUZDLTOABA7F,LV5OGLVJASIQNF0RWEN,8,shoot,play,1,false,true,false,play-play-watch-play,3,1,novice,1
trial,LV5OGLVIUZDLTOABA7F,LV5OGLVJASIQNF0RWEN,9,shoot,play,1,false,true,false,play-play-watch-play,3,1,novice,1
trial,LV5OGLVIUZDLTOABA7F,LV5OGLVJASIQNF0RWEN,10,shoot,play,1,false,true,false,play-play-watch-play,3,1,novice,1
trial,LV5OGLVIUZDLTOABA7F,LV5OGLVJASIQNF0RWEN,11,shoot,play,1,false,true,false,play-play-watch-play,3,1,novice,1
trial,LV5OGLVIUZDLTOABA7F,LV5OGLVJASIQNF0RWEN,12,shoot,play,1,false,true,false,play-play-watch-play,3,1,novice,1
trial,LV5OGLVIUZDLTOABA7F,LV5OGLVJASIQNF0RWEN,13,shoot,play,1,false,true,false,play-play-watch-play,3,1,novice,1
trial,LV5OGLVIUZDLTOABA7F,LV5OGLVJASIQNF0RWEN,14,shoot,play,1,false,true,false,play-play-watch-play,3,1,novice,1
trial,LV5OGLVIUZDLTOABA7F,LV5OGLVJASIQNF0RWEN,15,shoot,play,1,false,true,false,play-play-watch-play,3,1,novice,1
trial,LV5OGLVIUZDLTOABA7F,LV5OGLVJASIQNF0RWEN,16,shoot,play,1,false,true,false,play-play-watch-play,3,1,novice,1
trial,LV5OGLVIUZDLTOABA7F,LV5OGLVJASIQNF0RWEN,17,shoot,play,1,false,true,false,play-play-watch-play,3,1,novice,1
trial,LV5OGLVIUZDLTOABA7F,LV5OGLVJASIQNF0RWEN,18,shoot,play,1,false,true,false,play-play-watch-play,3,1,novice,1
trial,LV5OGLVIUZDLTOABA7F,LV5OGLVJASIQNF0RWEN,19,shoot,play,1,false,true,false,play-play-watch-play,3,1,novice,1
trial,LV5OGLVIUZDLTOABA7F,LV5OGLVJASIQNF0RWEN,20,shoot,play,1,false,true,false,play-play-watch-play,3,1,novice,1
trial,LV5OGLVIUZDLTOABA7F,LV5OGLVJASIQNF0RWEN,21,shoot,play,1,false,true,false,play-play-watch-play,3,1,novice,1
trial,LV5OGLVIUZDLTOABA7F,LV5OGLVJASIQNF0RWEN,22,shoot,play,2,true,true,false,play-play-watch-play,3,1,novice,1
trial,LV5OGLVIUZDLTOABA7F,LV5OGLVJASIQNF0RWEN,23,shoot,play,2,false,true,false,play-play-watch-play,3,1,novice,1
trial,LV5OGLVIUZDLTOABA7F,LV5OGLVJCW34EJO12V,0,shoot,play,0,false,true,true,play-play-watch-play,0,2,expert,2
trial,LV5OGLVIUZDLTOABA7F,LV5OGLVJCW34EJO12V,1,shoot,play,1,true,true,true,play-play-watch-play,0,2,expert,2
trial,LV5OGLVIUZDLTOABA7F,LV5OGLVJCW34EJO12V,2,shoot,play,2,true,true,true,play-play-watch-play,0,2,expert,2
trial,LV5OGLVIUZDLTOABA7F,LV5OGLVJCW34EJO12V,3,shoot,play,2,false,true,true,play-play-watch-play,0,2,expert,2
trial,LV5OGLVIUZDLTOABA7F,LV5OGLVJCW34EJO12V,4,shoot,play,2,false,true,true,play-play-watch-play,0,2,expert,2
trial,LV5OGLVIUZDLTOABA7F,LV5OGLVJCW34EJO12V,5,shoot,play,2,false,true,true,play-play-watch-play,0,2,expert,2
trial,LV5OGLVIUZDLTOABA7F,LV5OGLVJCW34EJO12V,6,shoot,play,3,true,true,true,play-play-watch-play,0,2,expert,2
trial,LV5OGLVIUZDLTOABA7F,LV5OGLVJCW34EJO12V,7,shoot,play,4,true,true,true,play-play-watch-play,0,2,expert,2
trial,LV5OGLVIUZDLTOABA7F,LV5OGLVJCW34EJO12V,8,shoot,play,5,true,true,true,play-play-watch-play,0,2,expert,2
trial,LV5OGLVIUZDLTOABA7F,LV5OGLVJCW34EJO12V,9,shoot,play,5,false,true,true,play-play-watch-play,0,2,expert,2
trial,LV5OGLVIUZDLTOABA7F,LV5OGLVJCW34EJO12V,10,shoot,play,6,true,true,true,play-play-watch-play,0,2,expert,2
trial,LV5OGLVIUZDLTOABA7F,LV5OGLVJCW34EJO12V,11,shoot,play,6,false,true,true,play-play-watch-play,0,2,expert,2
trial,LV5OGLVIUZDLTOABA7F,LV5OGLVJCW34EJO12V,12,shoot,play,6,false,true,true,play-play-watch-play,0,2,expert,2
trial,LV5OGLVIUZDLTOABA7F,LV5OGLVJCW34EJO12V,13,shoot,play,6,false,true,true,play-play-watch-play,0,2,expert,2
trial,LV5OGLVIUZDLTOABA7F,LV5OGLVJCW34EJO12V,14,shoot,play,7,true,true,true,play-play-watch-play,0,2,expert,2
trial,LV5OGLVIUZDLTOABA7F,LV5OGLVJCW34EJO12V,15,shoot,play,8,true,true,true,play-play-watch-play,0,2,expert,2
trial,LV5OGLVIUZDLTOABA7F,LV5OGLVJCW34EJO12V,16,shoot,play,8,false,true,true,play-play-watch-play,0,2,expert,2
trial,LV5OGLVIUZDLTOABA7F,LV5OGLVJCW34EJO12V,17,shoot,play,8,false,true,true,play-play-watch-play,0,2,expert,2
trial,LV5OGLVIUZDLTOABA7F,LV5OGLVJCW34EJO12V,18,shoot,play,8,false,true,true,play-play-watch-play,0,2,expert,2
trial,LV5OGLVIUZDLTOABA7F,LV5OGLVJCW34EJO12V,19,shoot,play,9,true,true,true,play-play-watch-play,0,2,expert,2
trial,LV5OGLVIUZDLTOABA7F,LV5OGLVJCW34EJO12V,20,shoot,play,9,false,true,true,play-play-watch-play,0,2,expert,2
trial,LV5OGLVIUZDLTOABA7F,LV5OGLVJCW34EJO12V,21,shoot,play,9,false,true,true,play-play-watch-play,0,2,expert,2
trial,LV5OGLVIUZDLTOABA7F,LV5OGLVJCW34EJO12V,22,shoot,play,9,false,true,true,play-play-watch-play,0,2,expert,2
trial,LV5OGLVIUZDLTOABA7F,LV5OGLVJCW34EJO12V,23,shoot,play,9,false,true,true,play-play-watch-play,0,2,expert,2
trial,LV5OGLVIUZDLTOABA7F,LV5OGLVJCW34EJO12V,0,shoot,play,0,false,true,true,play-play-watch-play,1,2,expert,2
trial,LV5OGLVIUZDLTOABA7F,LV5OGLVJCW34EJO12V,1,shoot,play,0,false,true,true,play-play-watch-play,1,2,expert,2
trial,LV5OGLVIUZDLTOABA7F,LV5OGLVJCW34EJO12V,2,shoot,play,1,true,true,true,play-play-watch-play,1,2,expert,2
trial,LV5OGLVIUZDLTOABA7F,LV5OGLVJCW34EJO12V,3,shoot,play,2,true,true,true,play-play-watch-play,1,2,expert,2
trial,LV5OGLVIUZDLTOABA7F,LV5OGLVJCW34EJO12V,4,shoot,play,2,false,true,true,play-play-watch-play,1,2,expert,2
trial,LV5OGLVIUZDLTOABA7F,LV5OGLVJCW34EJO12V,5,shoot,play,2,false,true,true,play-play-watch-play,1,2,expert,2
trial,LV5OGLVIUZDLTOABA7F,LV5OGLVJCW34EJO12V,6,shoot,play,2,false,true,true,play-play-watch-play,1,2,expert,2
trial,LV5OGLVIUZDLTOABA7F,LV5OGLVJCW34EJO12V,7,shoot,play,2,false,true,true,play-play-watch-play,1,2,expert,2
trial,LV5OGLVIUZDLTOABA7F,LV5OGLVJCW34EJO12V,8,shoot,play,2,false,true,true,play-play-watch-play,1,2,expert,2
trial,LV5OGLVIUZDLTOABA7F,LV5OGLVJCW34EJO12V,9,shoot,play,2,false,true,true,play-play-watch-play,1,2,expert,2
trial,LV5OGLVIUZDLTOABA7F,LV5OGLVJCW34EJO12V,10,shoot,play,2,false,true,true,play-play-watch-play,1,2,expert,2
trial,LV5OGLVIUZDLTOABA7F,LV5OGLVJCW34EJO12V,11,shoot,play,2,false,true,true,play-play-watch-play,1,2,expert,2
trial,LV5OGLVIUZDLTOABA7F,LV5OGLVJCW34EJO12V,12,shoot,play,2,false,true,true,play-play-watch-play,1,2,expert,2
trial,LV5OGLVIUZDLTOABA7F,LV5OGLVJCW34EJO12V,13,shoot,play,2,false,true,true,play-play-watch-play,1,2,expert,2
trial,LV5OGLVIUZDLTOABA7F,LV5OGLVJCW34EJO12V,14,shoot,play,2,false,true,true,play-play-watch-play,1,2,expert,2
trial,LV5OGLVIUZDLTOABA7F,LV5OGLVJCW34EJO12V,15,shoot,play,2,false,true,true,play-play-watch-play,1,2,expert,2
trial,LV5OGLVIUZDLTOABA7F,LV5OGLVJCW34EJO12V,16,shoot,play,2,false,true,true,play-play-watch-play,1,2,expert,2
trial,LV5OGLVIUZDLTOABA7F,LV5OGLVJCW34EJO12V,17,shoot,play,2,false,true,true,play-play-watch-play,1,2,expert,2
trial,LV5OGLVIUZDLTOABA7F,LV5OGLVJCW34EJO12V,18,shoot,play,2,false,true,true,play-play-watch-play,1,2,expert,2
trial,LV5OGLVIUZDLTOABA7F,LV5OGLVJCW34EJO12V,19,shoot,play,2,false,true,true,play-play-watch-play,1,2,expert,2
trial,LV5OGLVIUZDLTOABA7F,LV5OGLVJCW34EJO12V,20,shoot,play,2,false,true,true,play-play-watch-play,1,2,expert,2
trial,LV5OGLVIUZDLTOABA7F,LV5OGLVJCW34EJO12V,21,shoot,play,2,false,true,true,play-play-watch-play,1,2,expert,2
trial,LV5OGLVIUZDLTOABA7F,LV5OGLVJCW34EJO12V,22,shoot,play,2,false,true,true,play-play-watch-play,1,2,expert,2
trial,LV5OGLVIUZDLTOABA7F,LV5OGLVJCW34EJO12V,23,shoot,play,2,false,true,true,play-play-watch-play,1,2,expert,2
trial,LV5OGLVIUZDLTOABA7F,LV5OGLVJCW34EJO12V,1,shoot,watch,1,true,true,true,play-play-watch-play,2,2,expert,3
trial,LV5OGLVIUZDLTOABA7F,LV5OGLVJCW34EJO12V,2,shoot,watch,2,true,true,true,play-play-watch-play,2,2,expert,3
trial,LV5OGLVIUZDLTOABA7F,LV5OGLVJCW34EJO12V,3,shoot,watch,3,true,true,true,play-play-watch-play,2,2,expert,3
trial,LV5OGLVIUZDLTOABA7F,LV5OGLVJCW34EJO12V,4,shoot,watch,4,true,true,true,play-play-watch-play,2,2,expert,3
trial,LV5OGLVIUZDLTOABA7F,LV5OGLVJCW34EJO12V,0,shoot,play,1,true,true,true,play-play-watch-play,3,2,expert,3
trial,LV5OGLVIUZDLTOABA7F,LV5OGLVJCW34EJO12V,1,shoot,play,2,true,true,true,play-play-watch-play,3,2,expert,3
trial,LV5OGLVIUZDLTOABA7F,LV5OGLVJCW34EJO12V,2,shoot,play,3,true,true,true,play-play-watch-play,3,2,expert,3
trial,LV5OGLVIUZDLTOABA7F,LV5OGLVJCW34EJO12V,3,shoot,play,3,false,true,true,play-play-watch-play,3,2,expert,3
trial,LV5OGLVIUZDLTOABA7F,LV5OGLVJCW34EJO12V,4,shoot,play,3,false,true,true,play-play-watch-play,3,2,expert,3
trial,LV5OGLVIUZDLTOABA7F,LV5OGLVJCW34EJO12V,5,shoot,play,3,false,true,true,play-play-watch-play,3,2,expert,3
trial,LV5OGLVIUZDLTOABA7F,LV5OGLVJCW34EJO12V,6,shoot,play,4,true,true,true,play-play-watch-play,3,2,expert,3
trial,LV5OGLVIUZDLTOABA7F,LV5OGLVJCW34EJO12V,7,shoot,play,5,true,true,true,play-play-watch-play,3,2,expert,3
trial,LV5OGLVIUZDLTOABA7F,LV5OGLVJCW34EJO12V,8,shoot,play,6,true,true,true,play-play-watch-play,3,2,expert,3
trial,LV5OGLVIUZDLTOABA7F,LV5OGLVJCW34EJO12V,9,shoot,play,6,false,true,true,play-play-watch-play,3,2,expert,3
trial,LV5OGLVIUZDLTOABA7F,LV5OGLVJCW34EJO12V,10,shoot,play,6,false,true,true,play-play-watch-play,3,2,expert,3
trial,LV5OGLVIUZDLTOABA7F,LV5OGLVJCW34EJO12V,11,shoot,play,6,false,true,true,play-play-watch-play,3,2,expert,3
trial,LV5OGLVIUZDLTOABA7F,LV5OGLVJCW34EJO12V,12,shoot,play,6,false,true,true,play-play-watch-play,3,2,expert,3
trial,LV5OGLVIUZDLTOABA7F,LV5OGLVJCW34EJO12V,13,shoot,play,6,false,true,true,play-play-watch-play,3,2,expert,3
trial,LV5OGLVIUZDLTOABA7F,LV5OGLVJCW34EJO12V,14,shoot,play,7,true,true,true,play-play-watch-play,3,2,expert,3
trial,LV5OGLVIUZDLTOABA7F,LV5OGLVJCW34EJO12V,15,shoot,play,7,false,true,true,play-play-watch-play,3,2,expert,3
trial,LV5OGLVIUZDLTOABA7F,LV5OGLVJCW34EJO12V,16,shoot,play,8,true,true,true,play-play-watch-play,3,2,expert,3
trial,LV5OGLVIUZDLTOABA7F,LV5OGLVJCW34EJO12V,17,shoot,play,9,true,true,true,play-play-watch-play,3,2,expert,3
trial,LV5OGLVIUZDLTOABA7F,LV5OGLVJCW34EJO12V,18,shoot,play,9,false,true,true,play-play-watch-play,3,2,expert,3
trial,LV5OGLVIUZDLTOABA7F,LV5OGLVJCW34EJO12V,19,shoot,play,9,false,true,true,play-play-watch-play,3,2,expert,3
trial,LV5OGLVIUZDLTOABA7F,LV5OGLVJCW34EJO12V,20,shoot,play,10,true,true,true,play-play-watch-play,3,2,expert,3
trial,LV5OGLVIUZDLTOABA7F,LV5OGLVJCW34EJO12V,21,shoot,play,10,false,true,true,play-play-watch-play,3,2,expert,3
trial,LV5OGLVIUZDLTOABA7F,LV5OGLVJCW34EJO12V,22,shoot,play,11,true,true,true,play-play-watch-play,3,2,expert,3
trial,LV5OGLVIUZDLTOABA7F,LV5OGLVJCW34EJO12V,23,shoot,play,12,true,true,true,play-play-watch-play,3,2,expert,3
trial,LV5OGLVIUZDLTOABA7F,LV5OGLVJIXIARVTYB7S,0,shoot,play,1,true,true,true,play-play-watch-play,0,3,novice,4
trial,LV5OGLVIUZDLTOABA7F,LV5OGLVJIXIARVTYB7S,1,shoot,play,1,false,true,true,play-play-watch-play,0,3,novice,4
trial,LV5OGLVIUZDLTOABA7F,LV5OGLVJIXIARVTYB7S,2,shoot,play,2,true,true,true,play-play-watch-play,0,3,novice,4
trial,LV5OGLVIUZDLTOABA7F,LV5OGLVJIXIARVTYB7S,3,shoot,play,2,false,true,true,play-play-watch-play,0,3,novice,4
trial,LV5OGLVIUZDLTOABA7F,LV5OGLVJIXIARVTYB7S,4,shoot,play,3,true,true,true,play-play-watch-play,0,3,novice,4
trial,LV5OGLVIUZDLTOABA7F,LV5OGLVJIXIARVTYB7S,5,shoot,play,4,true,true,true,play-play-watch-play,0,3,novice,4
trial,LV5OGLVIUZDLTOABA7F,LV5OGLVJIXIARVTYB7S,6,shoot,play,4,false,true,true,play-play-watch-play,0,3,novice,4
trial,LV5OGLVIUZDLTOABA7F,LV5OGLVJIXIARVTYB7S,7,shoot,play,5,true,true,true,play-play-watch-play,0,3,novice,4
trial,LV5OGLVIUZDLTOABA7F,LV5OGLVJIXIARVTYB7S,8,shoot,play,5,false,true,true,play-play-watch-play,0,3,novice,4
trial,LV5OGLVIUZDLTOABA7F,LV5OGLVJIXIARVTYB7S,9,shoot,play,6,true,true,true,play-play-watch-play,0,3,novice,4
trial,LV5OGLVIUZDLTOABA7F,LV5OGLVJIXIARVTYB7S,10,shoot,play,6,false,true,true,play-play-watch-play,0,3,novice,4
trial,LV5OGLVIUZDLTOABA7F,LV5OGLVJIXIARVTYB7S,11,shoot,play,6,false,true,true,play-play-watch-play,0,3,novice,4
trial,LV5OGLVIUZDLTOABA7F,LV5OGLVJIXIARVTYB7S,12,shoot,play,7,true,true,true,play-play-watch-play,0,3,novice,4
trial,LV5OGLVIUZDLTOABA7F,LV5OGLVJIXIARVTYB7S,13,shoot,play,8,true,true,true,play-play-watch-play,0,3,novice,4
trial,LV5OGLVIUZDLTOABA7F,LV5OGLVJIXIARVTYB7S,14,shoot,play,9,true,true,true,play-play-watch-play,0,3,novice,4
trial,LV5OGLVIUZDLTOABA7F,LV5OGLVJIXIARVTYB7S,15,shoot,play,10,true,true,true,play-play-watch-play,0,3,novice,4
trial,LV5OGLVIUZDLTOABA7F,LV5OGLVJIXIARVTYB7S,16,shoot,play,11,true,true,true,play-play-watch-play,0,3,novice,4
trial,LV5OGLVIUZDLTOABA7F,LV5OGLVJIXIARVTYB7S,17,shoot,play,12,true,true,true,play-play-watch-play,0,3,novice,4
trial,LV5OGLVIUZDLTOABA7F,LV5OGLVJIXIARVTYB7S,18,shoot,play,13,true,true,true,play-play-watch-play,0,3,novice,4
trial,LV5OGLVIUZDLTOABA7F,LV5OGLVJIXIARVTYB7S,19,shoot,play,13,false,true,true,play-play-watch-play,0,3,novice,4
trial,LV5OGLVIUZDLTOABA7F,LV5OGLVJIXIARVTYB7S,20,shoot,play,14,true,true,true,play-play-watch-play,0,3,novice,4
trial,LV5OGLVIUZDLTOABA7F,LV5OGLVJIXIARVTYB7S,21,shoot,play,15,true,true,true,play-play-watch-play,0,3,novice,4
trial,LV5OGLVIUZDLTOABA7F,LV5OGLVJIXIARVTYB7S,22,shoot,play,15,false,true,true,play-play-watch-play,0,3,novice,4
trial,LV5OGLVIUZDLTOABA7F,LV5OGLVJIXIARVTYB7S,23,shoot,play,15,false,true,true,play-play-watch-play,0,3,novice,4
trial,LV5OGLVIUZDLTOABA7F,LV5OGLVJIXIARVTYB7S,0,shoot,play,0,false,true,true,play-play-watch-play,1,3,novice,4
trial,LV5OGLVIUZDLTOABA7F,LV5OGLVJIXIARVTYB7S,1,shoot,play,0,false,true,true,play-play-watch-play,1,3,novice,4
trial,LV5OGLVIUZDLTOABA7F,LV5OGLVJIXIARVTYB7S,2,shoot,play,0,false,true,true,play-play-watch-play,1,3,novice,4
trial,LV5OGLVIUZDLTOABA7F,LV5OGLVJIXIARVTYB7S,3,shoot,play,0,false,true,true,play-play-watch-play,1,3,novice,4
trial,LV5OGLVIUZDLTOABA7F,LV5OGLVJIXIARVTYB7S,4,shoot,play,0,false,true,true,play-play-watch-play,1,3,novice,4
trial,LV5OGLVIUZDLTOABA7F,LV5OGLVJIXIARVTYB7S,5,shoot,play,0,false,true,true,play-play-watch-play,1,3,novice,4
trial,LV5OGLVIUZDLTOABA7F,LV5OGLVJIXIARVTYB7S,6,shoot,play,0,false,true,true,play-play-watch-play,1,3,novice,4
trial,LV5OGLVIUZDLTOABA7F,LV5OGLVJIXIARVTYB7S,7,shoot,play,0,false,true,true,play-play-watch-play,1,3,novice,4
trial,LV5OGLVIUZDLTOABA7F,LV5OGLVJIXIARVTYB7S,8,shoot,play,1,true,true,true,play-play-watch-play,1,3,novice,4
trial,LV5OGLVIUZDLTOABA7F,LV5OGLVJIXIARVTYB7S,9,shoot,play,1,false,true,true,play-play-watch-play,1,3,novice,4
trial,LV5OGLVIUZDLTOABA7F,LV5OGLVJIXIARVTYB7S,10,shoot,play,1,false,true,true,play-play-watch-play,1,3,novice,4
trial,LV5OGLVIUZDLTOABA7F,LV5OGLVJIXIARVTYB7S,11,shoot,play,1,false,true,true,play-play-watch-play,1,3,novice,4
trial,LV5OGLVIUZDLTOABA7F,LV5OGLVJIXIARVTYB7S,12,shoot,play,1,false,true,true,play-play-watch-play,1,3,novice,4
trial,LV5OGLVIUZDLTOABA7F,LV5OGLVJIXIARVTYB7S,13,shoot,play,1,false,true,true,play-play-watch-play,1,3,novice,4
trial,LV5OGLVIUZDLTOABA7F,LV5OGLVJIXIARVTYB7S,14,shoot,play,1,false,true,true,play-play-watch-play,1,3,novice,4
trial,LV5OGLVIUZDLTOABA7F,LV5OGLVJIXIARVTYB7S,15,shoot,play,1,false,true,true,play-play-watch-play,1,3,novice,4
trial,LV5OGLVIUZDLTOABA7F,LV5OGLVJIXIARVTYB7S,16,shoot,play,1,false,true,true,play-play-watch-play,1,3,novice,4
trial,LV5OGLVIUZDLTOABA7F,LV5OGLVJIXIARVTYB7S,17,shoot,play,1,false,true,true,play-play-watch-play,1,3,novice,4
trial,LV5OGLVIUZDLTOABA7F,LV5OGLVJIXIARVTYB7S,18,shoot,play,1,false,true,true,play-play-watch-play,1,3,novice,4
trial,LV5OGLVIUZDLTOABA7F,LV5OGLVJIXIARVTYB7S,19,shoot,play,1,false,true,true,play-play-watch-play,1,3,novice,4
trial,LV5OGLVIUZDLTOABA7F,LV5OGLVJIXIARVTYB7S,20,shoot,play,1,false,true,true,play-play-watch-play,1,3,novice,4
trial,LV5OGLVIUZDLTOABA7F,LV5OGLVJIXIARVTYB7S,21,shoot,play,2,true,true,true,play-play-watch-play,1,3,novice,4
trial,LV5OGLVIUZDLTOABA7F,LV5OGLVJIXIARVTYB7S,22,shoot,play,2,false,true,true,play-play-watch-play,1,3,novice,4
trial,LV5OGLVIUZDLTOABA7F,LV5OGLVJIXIARVTYB7S,23,shoot,play,2,false,true,true,play-play-watch-play,1,3,novice,4
trial,LV5OGLVIUZDLTOABA7F,LV5OGLVJIXIARVTYB7S,1,shoot,watch,0,false,true,true,play-play-watch-play,2,3,novice,5
trial,LV5OGLVIUZDLTOABA7F,LV5OGLVJIXIARVTYB7S,2,shoot,watch,0,false,true,true,play-play-watch-play,2,3,novice,5
trial,LV5OGLVIUZDLTOABA7F,LV5OGLVJIXIARVTYB7S,3,shoot,watch,1,true,true,true,play-play-watch-play,2,3,novice,5
trial,LV5OGLVIUZDLTOABA7F,LV5OGLVJIXIARVTYB7S,4,shoot,watch,1,false,true,true,play-play-watch-play,2,3,novice,5
trial,LV5OGLVIUZDLTOABA7F,LV5OGLVJIXIARVTYB7S,0,shoot,play,0,false,true,true,play-play-watch-play,3,3,novice,5
trial,LV5OGLVIUZDLTOABA7F,LV5OGLVJIXIARVTYB7S,1,shoot,play,1,true,true,true,play-play-watch-play,3,3,novice,5
trial,LV5OGLVIUZDLTOABA7F,LV5OGLVJIXIARVTYB7S,2,shoot,play,2,true,true,true,play-play-watch-play,3,3,novice,5
trial,LV5OGLVIUZDLTOABA7F,LV5OGLVJIXIARVTYB7S,3,shoot,play,2,false,true,true,play-play-watch-play,3,3,novice,5
trial,LV5OGLVIUZDLTOABA7F,LV5OGLVJIXIARVTYB7S,4,shoot,play,2,false,true,true,play-play-watch-play,3,3,novice,5
trial,LV5OGLVIUZDLTOABA7F,LV5OGLVJIXIARVTYB7S,5,shoot,play,3,true,true,true,play-play-watch-play,3,3,novice,5
trial,LV5OGLVIUZDLTOABA7F,LV5OGLVJIXIARVTYB7S,6,shoot,play,3,false,true,true,play-play-watch-play,3,3,novice,5
trial,LV5OGLVIUZDLTOABA7F,LV5OGLVJIXIARVTYB7S,7,shoot,play,4,true,true,true,play-play-watch-play,3,3,novice,5
trial,LV5OGLVIUZDLTOABA7F,LV5OGLVJIXIARVTYB7S,8,shoot,play,4,false,true,true,play-play-watch-play,3,3,novice,5
trial,LV5OGLVIUZDLTOABA7F,LV5OGLVJIXIARVTYB7S,9,shoot,play,5,true,true,true,play-play-watch-play,3,3,novice,5
trial,LV5OGLVIUZDLTOABA7F,LV5OGLVJIXIARVTYB7S,10,shoot,play,6,true,true,true,play-play-watch-play,3,3,novice,5
trial,LV5OGLVIUZDLTOABA7F,LV5OGLVJIXIARVTYB7S,11,shoot,play,6,false,true,true,play-play-watch-play,3,3,novice,5
trial,LV5OGLVIUZDLTOABA7F,LV5OGLVJIXIARVTYB7S,12,shoot,play,7,true,true,true,play-play-watch-play,3,3,novice,5
trial,LV5OGLVIUZDLTOABA7F,LV5OGLVJIXIARVTYB7S,13,shoot,play,8,true,true,true,play-play-watch-play,3,3,novice,5
trial,LV5OGLVIUZDLTOABA7F,LV5OGLVJIXIARVTYB7S,14,shoot,play,8,false,true,true,play-play-watch-play,3,3,novice,5
trial,LV5OGLVIUZDLTOABA7F,LV5OGLVJIXIARVTYB7S,15,shoot,play,8,false,true,true,play-play-watch-play,3,3,novice,5
trial,LV5OGLVIUZDLTOABA7F,LV5OGLVJIXIARVTYB7S,16,shoot,play,8,false,true,true,play-play-watch-play,3,3,novice,5
trial,LV5OGLVIUZDLTOABA7F,LV5OGLVJIXIARVTYB7S,17,shoot,play,9,true,true,true,play-play-watch-play,3,3,novice,5
trial,LV5OGLVIUZDLTOABA7F,LV5OGLVJIXIARVTYB7S,18,shoot,play,10,true,true,true,play-play-watch-play,3,3,novice,5
trial,LV5OGLVIUZDLTOABA7F,LV5OGLVJIXIARVTYB7S,19,shoot,play,11,true,true,true,play-play-watch-play,3,3,novice,5
trial,LV5OGLVIUZDLTOABA7F,LV5OGLVJIXIARVTYB7S,20,shoot,play,11,false,true,true,play-play-watch-play,3,3,novice,5
trial,LV5OGLVIUZDLTOABA7F,LV5OGLVJIXIARVTYB7S,21,shoot,play,12,true,true,true,play-play-watch-play,3,3,novice,5
trial,LV5OGLVIUZDLTOABA7F,LV5OGLVJIXIARVTYB7S,22,shoot,play,13,true,true,true,play-play-watch-play,3,3,novice,5
trial,LV5OGLVIUZDLTOABA7F,LV5OGLVJIXIARVTYB7S,23,shoot,play,14,true,true,true,play-play-watch-play,3,3,novice,5
trial,LV5OGLVIUZDLTOABA7F,LV5OGLVJOG6NISJWHFM,0,shoot,play,0,false,true,true,play-watch-watch-play,0,4,novice,6
trial,LV5OGLVIUZDLTOABA7F,LV5OGLVJOG6NISJWHFM,1,shoot,play,1,true,true,true,play-watch-watch-play,0,4,novice,6
trial,LV5OGLVIUZDLTOABA7F,LV5OGLVJOG6NISJWHFM,2,shoot,play,1,false,true,true,play-watch-watch-play,0,4,novice,6
trial,LV5OGLVIUZDLTOABA7F,LV5OGLVJOG6NISJWHFM,3,shoot,play,1,false,true,true,play-watch-watch-play,0,4,novice,6
trial,LV5OGLVIUZDLTOABA7F,LV5OGLVJOG6NISJWHFM,4,shoot,play,1,false,true,true,play-watch-watch-play,0,4,novice,6
trial,LV5OGLVIUZDLTOABA7F,LV5OGLVJOG6NISJWHFM,5,shoot,play,1,false,true,true,play-watch-watch-play,0,4,novice,6
trial,LV5OGLVIUZDLTOABA7F,LV5OGLVJOG6NISJWHFM,6,shoot,play,2,true,true,true,play-watch-watch-play,0,4,novice,6
trial,LV5OGLVIUZDLTOABA7F,LV5OGLVJOG6NISJWHFM,7,shoot,play,2,false,true,true,play-watch-watch-play,0,4,novice,6
trial,LV5OGLVIUZDLTOABA7F,LV5OGLVJOG6NISJWHFM,8,shoot,play,2,false,true,true,play-watch-watch-play,0,4,novice,6
trial,LV5OGLVIUZDLTOABA7F,LV5OGLVJOG6NISJWHFM,9,shoot,play,3,true,true,true,play-watch-watch-play,0,4,novice,6
trial,LV5OGLVIUZDLTOABA7F,LV5OGLVJOG6NISJWHFM,10,shoot,play,4,true,true,true,play-watch-watch-play,0,4,novice,6
trial,LV5OGLVIUZDLTOABA7F,LV5OGLVJOG6NISJWHFM,11,shoot,play,5,true,true,true,play-watch-watch-play,0,4,novice,6
trial,LV5OGLVIUZDLTOABA7F,LV5OGLVJOG6NISJWHFM,12,shoot,play,5,false,true,true,play-watch-watch-play,0,4,novice,6
trial,LV5OGLVIUZDLTOABA7F,LV5OGLVJOG6NISJWHFM,13,shoot,play,5,false,true,true,play-watch-watch-play,0,4,novice,6
trial,LV5OGLVIUZDLTOABA7F,LV5OGLVJOG6NISJWHFM,14,shoot,play,6,true,true,true,play-watch-watch-play,0,4,novice,6
trial,LV5OGLVIUZDLTOABA7F,LV5OGLVJOG6NISJWHFM,15,shoot,play,7,true,true,true,play-watch-watch-play,0,4,novice,6
trial,LV5OGLVIUZDLTOABA7F,LV5OGLVJOG6NISJWHFM,16,shoot,play,8,true,true,true,play-watch-watch-play,0,4,novice,6
trial,LV5OGLVIUZDLTOABA7F,LV5OGLVJOG6NISJWHFM,17,shoot,play,9,true,true,true,play-watch-watch-play,0,4,novice,6
trial,LV5OGLVIUZDLTOABA7F,LV5OGLVJOG6NISJWHFM,18,shoot,play,9,false,true,true,play-watch-watch-play,0,4,novice,6
trial,LV5OGLVIUZDLTOABA7F,LV5OGLVJOG6NISJWHFM,19,shoot,play,9,false,true,true,play-watch-watch-play,0,4,novice,6
trial,LV5OGLVIUZDLTOABA7F,LV5OGLVJOG6NISJWHFM,20,shoot,play,10,true,true,true,play-watch-watch-play,0,4,novice,6
trial,LV5OGLVIUZDLTOABA7F,LV5OGLVJOG6NISJWHFM,21,shoot,play,10,false,true,true,play-watch-watch-play,0,4,novice,6
trial,LV5OGLVIUZDLTOABA7F,LV5OGLVJOG6NISJWHFM,22,shoot,play,11,true,true,true,play-watch-watch-play,0,4,novice,6
trial,LV5OGLVIUZDLTOABA7F,LV5OGLVJOG6NISJWHFM,23,shoot,play,11,false,true,true,play-watch-watch-play,0,4,novice,6
trial,LV5OGLVIUZDLTOABA7F,LV5OGLVJOG6NISJWHFM,1,shoot,watch,0,false,true,true,play-watch-watch-play,1,4,novice,6
trial,LV5OGLVIUZDLTOABA7F,LV5OGLVJOG6NISJWHFM,2,shoot,watch,0,false,true,true,play-watch-watch-play,1,4,novice,6
trial,LV5OGLVIUZDLTOABA7F,LV5OGLVJOG6NISJWHFM,3,shoot,watch,1,true,true,true,play-watch-watch-play,1,4,novice,6
trial,LV5OGLVIUZDLTOABA7F,LV5OGLVJOG6NISJWHFM,4,shoot,watch,2,true,true,true,play-watch-watch-play,1,4,novice,6
trial,LV5OGLVIUZDLTOABA7F,LV5OGLVJOG6NISJWHFM,5,shoot,watch,2,false,true,true,play-watch-watch-play,1,4,novice,6
trial,LV5OGLVIUZDLTOABA7F,LV5OGLVJOG6NISJWHFM,6,shoot,watch,2,false,true,true,play-watch-watch-play,1,4,novice,6
trial,LV5OGLVIUZDLTOABA7F,LV5OGLVJOG6NISJWHFM,7,shoot,watch,3,true,true,true,play-watch-watch-play,1,4,novice,6
trial,LV5OGLVIUZDLTOABA7F,LV5OGLVJOG6NISJWHFM,8,shoot,watch,3,false,true,true,play-watch-watch-play,1,4,novice,6
trial,LV5OGLVIUZDLTOABA7F,LV5OGLVJOG6NISJWHFM,9,shoot,watch,3,false,true,true,play-watch-watch-play,1,4,novice,6
trial,LV5OGLVIUZDLTOABA7F,LV5OGLVJOG6NISJWHFM,10,shoot,watch,3,false,true,true,play-watch-watch-play,1,4,novice,6
trial,LV5OGLVIUZDLTOABA7F,LV5OGLVJOG6NISJWHFM,11,shoot,watch,3,false,true,true,play-watch-watch-play,1,4,novice,6
trial,LV5OGLVIUZDLTOABA7F,LV5OGLVJOG6NISJWHFM,12,shoot,watch,4,true,true,true,play-watch-watch-play,1,4,novice,6
trial,LV5OGLVIUZDLTOABA7F,LV5OGLVJOG6NISJWHFM,13,shoot,watch,5,true,true,true,play-watch-watch-play,1,4,novice,6
trial,LV5OGLVIUZDLTOABA7F,LV5OGLVJOG6NISJWHFM,14,shoot,watch,5,false,true,true,play-watch-watch-play,1,4,novice,6
trial,LV5OGLVIUZDLTOABA7F,LV5OGLVJOG6NISJWHFM,15,shoot,watch,5,false,true,true,play-watch-watch-play,1,4,novice,6
trial,LV5OGLVIUZDLTOABA7F,LV5OGLVJOG6NISJWHFM,16,shoot,watch,6,true,true,true,play-watch-watch-play,1,4,novice,6
trial,LV5OGLVIUZDLTOABA7F,LV5OGLVJOG6NISJWHFM,17,shoot,watch,6,false,true,true,play-watch-watch-play,1,4,novice,6
trial,LV5OGLVIUZDLTOABA7F,LV5OGLVJOG6NISJWHFM,18,shoot,watch,6,false,true,true,play-watch-watch-play,1,4,novice,6
trial,LV5OGLVIUZDLTOABA7F,LV5OGLVJOG6NISJWHFM,19,shoot,watch,7,true,true,true,play-watch-watch-play,1,4,novice,6
trial,LV5OGLVIUZDLTOABA7F,LV5OGLVJOG6NISJWHFM,20,shoot,watch,7,false,true,true,play-watch-watch-play,1,4,novice,6
trial,LV5OGLVIUZDLTOABA7F,LV5OGLVJOG6NISJWHFM,21,shoot,watch,8,true,true,true,play-watch-watch-play,1,4,novice,6
trial,LV5OGLVIUZDLTOABA7F,LV5OGLVJOG6NISJWHFM,22,shoot,watch,9,true,true,true,play-watch-watch-play,1,4,novice,6
trial,LV5OGLVIUZDLTOABA7F,LV5OGLVJOG6NISJWHFM,23,shoot,watch,10,true,true,true,play-watch-watch-play,1,4,novice,6
trial,LV5OGLVIUZDLTOABA7F,LV5OGLVJOG6NISJWHFM,24,shoot,watch,10,false,true,true,play-watch-watch-play,1,4,novice,6
trial,LV5OGLVIUZDLTOABA7F,LV5OGLVJOG6NISJWHFM,1,shoot,watch,1,true,true,true,play-watch-watch-play,2,4,novice,7
trial,LV5OGLVIUZDLTOABA7F,LV5OGLVJOG6NISJWHFM,2,shoot,watch,1,false,true,true,play-watch-watch-play,2,4,novice,7
trial,LV5OGLVIUZDLTOABA7F,LV5OGLVJOG6NISJWHFM,3,shoot,watch,2,true,true,true,play-watch-watch-play,2,4,novice,7
trial,LV5OGLVIUZDLTOABA7F,LV5OGLVJOG6NISJWHFM,4,shoot,watch,2,false,true,true,play-watch-watch-play,2,4,novice,7
trial,LV5OGLVIUZDLTOABA7F,LV5OGLVJOG6NISJWHFM,0,right,play,0,false,false,true,play-watch-watch-play,3,4,novice,7
trial,LV5OGLVIUZDLTOABA7F,LV5OGLVJOG6NISJWHFM,1,right,play,0,false,false,true,play-watch-watch-play,3,4,novice,7
trial,LV5OGLVIUZDLTOABA7F,LV5OGLVJOG6NISJWHFM,2,right,play,0,false,false,true,play-watch-watch-play,3,4,novice,7
trial,LV5OGLVIUZDLTOABA7F,LV5OGLVJOG6NISJWHFM,3,shoot,play,0,false,true,true,play-watch-watch-play,3,4,novice,7
trial,LV5OGLVIUZDLTOABA7F,LV5OGLVJOG6NISJWHFM,4,shoot,play,0,false,true,true,play-watch-watch-play,3,4,novice,7
trial,LV5OGLVIUZDLTOABA7F,LV5OGLVJOG6NISJWHFM,5,right,play,0,false,false,true,play-watch-watch-play,3,4,novice,7
trial,LV5OGLVIUZDLTOABA7F,LV5OGLVJOG6NISJWHFM,6,shoot,play,0,false,true,true,play-watch-watch-play,3,4,novice,7
trial,LV5OGLVIUZDLTOABA7F,LV5OGLVJOG6NISJWHFM,7,shoot,play,0,false,true,true,play-watch-watch-play,3,4,novice,7
trial,LV5OGLVIUZDLTOABA7F,LV5OGLVJOG6NISJWHFM,8,shoot,play,0,false,true,true,play-watch-watch-play,3,4,novice,7
trial,LV5OGLVIUZDLTOABA7F,LV5OGLVJOG6NISJWHFM,9,shoot,play,1,true,true,true,play-watch-watch-play,3,4,novice,7
trial,LV5OGLVIUZDLTOABA7F,LV5OGLVJOG6NISJWHFM,10,shoot,play,2,true,true,true,play-watch-watch-play,3,4,novice,7
trial,LV5OGLVIUZDLTOABA7F,LV5OGLVJOG6NISJWHFM,11,shoot,play,3,true,true,true,play-watch-watch-play,3,4,novice,7
trial,LV5OGLVIUZDLTOABA7F,LV5OGLVJOG6NISJWHFM,12,shoot,play,3,false,true,true,play-watch-watch-play,3,4,novice,7
trial,LV5OGLVIUZDLTOABA7F,LV5OGLVJOG6NISJWHFM,13,shoot,play,4,true,true,true,play-watch-watch-play,3,4,novice,7
trial,LV5OGLVIUZDLTOABA7F,LV5OGLVJOG6NISJWHFM,14,shoot,play,5,true,true,true,play-watch-watch-play,3,4,novice,7
trial,LV5OGLVIUZDLTOABA7F,LV5OGLVJOG6NISJWHFM,15,shoot,play,6,true,true,true,play-watch-watch-play,3,4,novice,7
trial,LV5OGLVIUZDLTOABA7F,LV5OGLVJOG6NISJWHFM,16,shoot,play,7,true,true,true,play-watch-watch-play,3,4,novice,7
trial,LV5OGLVIUZDLTOABA7F,LV5OGLVJOG6NISJWHFM,17,shoot,play,8,true,true,true,play-watch-watch-play,3,4,novice,7
trial,LV5OGLVIUZDLTOABA7F,LV5OGLVJOG6NISJWHFM,18,shoot,play,9,true,true,true,play-watch-watch-play,3,4,novice,7
trial,LV5OGLVIUZDLTOABA7F,LV5OGLVJOG6NISJWHFM,19,shoot,play,9,false,true,true,play-watch-watch-play,3,4,novice,7
trial,LV5OGLVIUZDLTOABA7F,LV5OGLVJOG6NISJWHFM,20,shoot,play,10,true,true,true,play-watch-watch-play,3,4,novice,7
trial,LV5OGLVIUZDLTOABA7F,LV5OGLVJOG6NISJWHFM,21,shoot,play,10,false,true,true,play-watch-watch-play,3,4,novice,7
trial,LV5OGLVIUZDLTOABA7F,LV5OGLVJOG6NISJWHFM,22,shoot,play,10,false,true,true,play-watch-watch-play,3,4,novice,7
trial,LV5OGLVIUZDLTOABA7F,LV5OGLVJOG6NISJWHFM,23,shoot,play,11,true,true,true,play-watch-watch-play,3,4,novice,7
trial,LV5OGLVIUZDLTOABA7F,LV5OGLVJOG6NISJWHFM,24,shoot,play,11,false,true,true,play-watch-watch-play,3,4,novice,7
trial,LV5OGLVIUZDLTOABA7F,LV5OGLVJOG6NISJWHFM,25,shoot,play,11,false,true,true,play-watch-watch-play,3,4,novice,7
trial,LV5OGLVIUZDLTOABA7F,LV5OGLVJOG6NISJWHFM,26,shoot,play,11,false,true,true,play-watch-watch-play,3,4,novice,7
trial,LV5OGLVIUZDLTOABA7F,LV5OGLVJOG6NISJWHFM,27,shoot,play,12,true,true,true,play-watch-watch-play,3,4,novice,7
trial,LV5OGLVIUZDLTOABA7F,,,,complete,,,,,,,,,
